date,date_in_file,date_title,layout,pop_total,pop_prisons,pop_irc,pop_male,pop_female,uoc_total,uoc_prisons,uoc_irc,headroom,headroom_calc,operating_margin,hdc,police_cells,ya_pop_total,ya_uoc_total,title,url,local,error
2011-08-05,2011-08-05,2011-08-05,D2,85523.0,84884.0,639.0,81354.0,4169.0,88039.0,87159.0,880.0,2516.0,2516.0,2000.0,2769.0,,,,Population Bulletin - Weekly 5 August 2011,https://assets.publishing.service.gov.uk/media/5a748599ed915d0e8e398dc0/prison-populaton-5-aug-2011.doc,raw/weekly_doc_txt/5a748599ed915d0e8e398dc0_prison-populaton-5-aug-2011.html,
2011-08-19,2011-08-19,2011-08-19,D2,86654.0,86054.0,600.0,82392.0,4262.0,88093.0,87209.0,884.0,1439.0,1439.0,2000.0,2771.0,,,,Population Bulletin - Weekly 19 August 2011,https://assets.publishing.service.gov.uk/media/5a74996940f0b616bcb17ca3/prison-population-19-aug-2011.doc,raw/weekly_doc_txt/5a74996940f0b616bcb17ca3_prison-population-19-aug-2011.html,
2011-11-18,2011-11-18,2011-11-18,D2,88115.0,87241.0,874.0,83907.0,4208.0,89336.0,88344.0,992.0,1221.0,1221.0,2000.0,2696.0,,,,Population Bulletin - Weekly 18 November 2011,https://assets.publishing.service.gov.uk/media/5a74aa38ed915d7ab83b58bd/prison-population-18-11-11.doc,raw/weekly_doc_txt/5a74aa38ed915d7ab83b58bd_prison-population-18-11-11.html,
2011-06-24,2011-06-24,2011-06-24,D2,85266.0,84635.0,632.0,81103.0,4163.0,87902.0,87148.0,754.0,2636.0,2636.0,2000.0,2732.0,,,,Population Bulletin - Weekly 24 June 2011,https://assets.publishing.service.gov.uk/media/5a74b36840f0b61df4777c43/prison-population-24-june-2011.doc,raw/weekly_doc_txt/5a74b36840f0b61df4777c43_prison-population-24-june-2011.html,
2011-01-21,2011-01-21,2011-01-21,D1,83780.0,,,79727.0,4053.0,88000.0,,,4220.0,4220.0,2000.0,2661.0,,83151.0,86324.0,Population Bulletin - Weekly 21 January 2011,https://assets.publishing.service.gov.uk/media/5a74d3ebed915d3c7d52841a/10004C3621012011_web_report.doc,raw/weekly_doc_txt/5a74d3ebed915d3c7d52841a_10004C3621012011_web_report.html,
2011-01-07,2007-11-09,2011-01-07,D1,82991.0,,,79009.0,3982.0,87936.0,,,4945.0,4945.0,2000.0,2696.0,,82653.0,86196.0,Population Bulletin - Weekly 07 January 2011,https://assets.publishing.service.gov.uk/media/5a75bd65e5274a43682999b5/10004C3107012011_web_report.doc,raw/weekly_doc_txt/5a75bd65e5274a43682999b5_10004C3107012011_web_report.html,
2011-02-11,2007-11-09,2011-02-11,D1,84785.0,,,80640.0,4145.0,88141.0,,,3356.0,3356.0,2000.0,2550.0,,83755.0,86351.0,Population Bulletin - Weekly 11 February 2011,https://assets.publishing.service.gov.uk/media/5a7b8058ed915d131105fa64/10004C4511022011_web_report.doc,raw/weekly_doc_txt/5a7b8058ed915d131105fa64_10004C4511022011_web_report.html,
2011-01-14,2007-11-09,2011-01-14,D1,83305.0,,,79293.0,4012.0,87970.0,,,4665.0,4665.0,2000.0,2665.0,,82761.0,86290.0,Population Bulletin - Weekly 14 January 2011,https://assets.publishing.service.gov.uk/media/5a7b856be5274a7318b8f32a/10004C3414012011_web_report.doc,raw/weekly_doc_txt/5a7b856be5274a7318b8f32a_10004C3414012011_web_report.html,
2011-06-17,2011-06-17,2011-06-17,D2,85345.0,84714.0,652.0,81161.0,4184.0,87914.0,87160.0,754.0,2569.0,2569.0,2000.0,2732.0,,,,Population Bulletin - Weekly 17 June 2011,https://assets.publishing.service.gov.uk/media/5a7b8797ed915d131105fd76/prison-population-17-june-2011.doc,raw/weekly_doc_txt/5a7b8797ed915d131105fd76_prison-population-17-june-2011.html,
2011-11-11,2011-11-11,2011-11-11,D2,87945.0,87102.0,843.0,83736.0,4209.0,89255.0,88263.0,992.0,1310.0,1310.0,2000.0,2706.0,,,,Population Bulletin - Weekly 11 November 2011,https://assets.publishing.service.gov.uk/media/5a7b8abd40f0b62826a04400/prison-population-11-11-11.doc,raw/weekly_doc_txt/5a7b8abd40f0b62826a04400_prison-population-11-11-11.html,
2011-07-01,2011-07-01,2011-07-01,D2,85376.0,84736.0,640.0,81187.0,4189.0,87955.0,87147.0,808.0,2579.0,2579.0,2000.0,2751.0,,,,Population Bulletin - Weekly 01 July 2011,https://assets.publishing.service.gov.uk/media/5a7b9b36e5274a7202e18420/prison-population-01-july-2011.doc,raw/weekly_doc_txt/5a7b9b36e5274a7202e18420_prison-population-01-july-2011.html,
2011-07-08,2011-07-08,2011-07-08,D2,85378.0,84739.0,639.0,81185.0,4193.0,87975.0,87147.0,828.0,2597.0,2597.0,2000.0,2728.0,,,,Population Bulletin - Weekly 08 July 2011,https://assets.publishing.service.gov.uk/media/5a7b9c8340f0b62826a04af4/prison-population-08-july-2011.doc,raw/weekly_doc_txt/5a7b9c8340f0b62826a04af4_prison-population-08-july-2011.html,
2011-08-12,2011-08-12,2011-08-12,D2,85931.0,85324.0,607.0,81738.0,4193.0,88049.0,87169.0,880.0,2118.0,2118.0,2000.0,2773.0,,,,Population Bulletin - Weekly 12 August 2011,https://assets.publishing.service.gov.uk/media/5a7ba84240f0b645ba3c5bb6/prison-populaton-12-aug-2011.doc,raw/weekly_doc_txt/5a7ba84240f0b645ba3c5bb6_prison-populaton-12-aug-2011.html,
2011-10-14,2011-10-14,2011-10-14,D2,87551.0,86751.0,796.0,83346.0,4205.0,89043.0,87858.0,953.0,1492.0,1492.0,2000.0,2759.0,,,,Population Bulletin - Weekly 14 October 2011,https://assets.publishing.service.gov.uk/media/5a7c035040f0b63f7572acd0/prison-population-14-oct-2011.doc,raw/weekly_doc_txt/5a7c035040f0b63f7572acd0_prison-population-14-oct-2011.html,
2011-04-15,2011-04-15,2011-04-15,D2,85439.0,84883.0,556.0,81199.0,4240.0,87759.0,87165.0,594.0,2320.0,2320.0,2000.0,2720.0,,,,Population Bulletin - Weekly 15 April 2011,https://assets.publishing.service.gov.uk/media/5a7c0b5c40f0b63f7572afdf/Population-Bulletin-Weekly-015-April-2011.doc,raw/weekly_doc_txt/5a7c0b5c40f0b63f7572afdf_Population-Bulletin-Weekly-015-April-2011.html,
2011-10-21,2011-10-21,2011-10-21,D2,87652.0,86837.0,815.0,83430.0,4222.0,89217.0,88225.0,992.0,1565.0,1565.0,2000.0,2776.0,,,,Population Bulletin - Weekly 21 October 2011,https://assets.publishing.service.gov.uk/media/5a7c0f4ee5274a7202e194b3/prison-population-21-oct-2011.doc,raw/weekly_doc_txt/5a7c0f4ee5274a7202e194b3_prison-population-21-oct-2011.html,
2011-03-18,2007-11-09,2011-03-18,D1,85419.0,,,81156.0,4263.0,88480.0,,,3061.0,3061.0,2000.0,2689.0,,84467.0,86505.0,Population Bulletin - Weekly 18 March 2011,https://assets.publishing.service.gov.uk/media/5a7c1a66ed915d210ade1998/10004C7B18032011_web_report.doc,raw/weekly_doc_txt/5a7c1a66ed915d210ade1998_10004C7B18032011_web_report.html,
2011-09-16,2011-09-16,2011-09-16,D2,87120.0,86492.0,628.0,82876.0,4244.0,88747.0,88119.0,628.0,1627.0,1627.0,2000.0,2745.0,,,,Population Bulletin - Weekly 16 September 2011,https://assets.publishing.service.gov.uk/media/5a7c202aed915d1c30daab8f/prison-population-16-sept-2011.doc,raw/weekly_doc_txt/5a7c202aed915d1c30daab8f_prison-population-16-sept-2011.html,
2011-03-25,2007-11-09,2011-03-25,D1,85454.0,,,81202.0,4252.0,87690.0,,,2236.0,2236.0,2000.0,2673.0,,84897.0,86637.0,Population Bulletin - Weekly 25 March 2011,https://assets.publishing.service.gov.uk/media/5a7c314440f0b67d0b11f782/10004C7E25032011_web_report.doc,raw/weekly_doc_txt/5a7c314440f0b67d0b11f782_10004C7E25032011_web_report.html,
2011-05-20,2011-05-20,2011-05-20,D2,84928.0,84346.0,582.0,80779.0,4149.0,87787.0,87153.0,634.0,2859.0,2859.0,2000.0,2716.0,,,,Population Bulletin - Weekly 20 May 2011,https://assets.publishing.service.gov.uk/media/5a7c35d0e5274a1f5cc76879/prison-population-20-may-2011.doc,raw/weekly_doc_txt/5a7c35d0e5274a1f5cc76879_prison-population-20-may-2011.html,
2011-07-29,2011-07-29,2011-07-29,D2,85543.0,84902.0,641.0,81389.0,4154.0,88083.0,87203.0,880.0,2540.0,2540.0,2000.0,2769.0,,,,Population Bulletin - Weekly 29 July 2011,https://assets.publishing.service.gov.uk/media/5a7c37f5ed915d7d70d1d5f9/prison-populaton-29-july-2011.doc,raw/weekly_doc_txt/5a7c37f5ed915d7d70d1d5f9_prison-populaton-29-july-2011.html,
2011-05-13,2011-05-13,2011-05-13,D2,84761.0,84194.0,567.0,80653.0,4108.0,87735.0,87141.0,594.0,2974.0,2974.0,2000.0,2695.0,,,,Population Bulletin - Weekly 13 May 2011,https://assets.publishing.service.gov.uk/media/5a7c3c2aed915d7d70d1d7c9/prison-poulation-13-may-2011.doc,raw/weekly_doc_txt/5a7c3c2aed915d7d70d1d7c9_prison-poulation-13-may-2011.html,
2011-11-05,2011-11-05,2011-11-05,D2,87749.0,86966.0,783.0,83545.0,4204.0,89405.0,88413.0,992.0,1656.0,1656.0,2000.0,2760.0,,,,Population Bulletin - Weekly 05 November 2011,https://assets.publishing.service.gov.uk/media/5a7c501fe5274a1b00422eac/prison-population-05-11-11.doc,raw/weekly_doc_txt/5a7c501fe5274a1b00422eac_prison-population-05-11-11.html,
2011-05-27,2011-05-27,2011-05-27,D2,85136.0,84529.0,607.0,80964.0,4172.0,87837.0,87163.0,674.0,2701.0,2701.0,2000.0,2696.0,,,,Population Bulletin - Weekly 27 May 2011,https://assets.publishing.service.gov.uk/media/5a7c57d940f0b62dffde17c4/prison-poulation-27-may-2011.doc,raw/weekly_doc_txt/5a7c57d940f0b62dffde17c4_prison-poulation-27-may-2011.html,
2011-01-28,2011-01-28,2011-01-28,D1,84145.0,,,80079.0,4066.0,88009.0,,,3864.0,3864.0,2000.0,2639.0,,83378.0,86313.0,Population Bulletin - Weekly 28 January 2011,https://assets.publishing.service.gov.uk/media/5a7c60f5e5274a7ee256710a/10004C3B28012011_web_report.doc,raw/weekly_doc_txt/5a7c60f5e5274a7ee256710a_10004C3B28012011_web_report.html,
2011-06-10,2011-06-10,2011-06-10,D2,85224.0,84593.0,631.0,81055.0,4169.0,87871.0,87157.0,714.0,2647.0,2647.0,2000.0,2729.0,,,,Population Bulletin - Weekly 10 June 2011,https://assets.publishing.service.gov.uk/media/5a7c62b4ed915d6969f4481c/prison-poulation-10-june-2011.doc,raw/weekly_doc_txt/5a7c62b4ed915d6969f4481c_prison-poulation-10-june-2011.html,
2011-11-25,2011-11-18,2011-11-25,D2,88166.0,87348.0,818.0,83941.0,4225.0,89384.0,88392.0,992.0,1218.0,1218.0,2000.0,2725.0,,,,Population Bulletin - Weekly 25 November 2011,https://assets.publishing.service.gov.uk/media/5a7c663de5274a7ee501ab41/prison-population-25-11-11.doc,raw/weekly_doc_txt/5a7c663de5274a7ee501ab41_prison-population-25-11-11.html,
2011-09-23,2011-09-23,2011-09-23,D2,87214.0,86596.0,618.0,82961.0,4253.0,88818.0,88200.0,618.0,1604.0,1604.0,2000.0,2706.0,,,,Population Bulletin - Weekly 23 September 2011,https://assets.publishing.service.gov.uk/media/5a7c6684ed915d6969f449be/prison-population-23-sept-2011.doc,raw/weekly_doc_txt/5a7c6684ed915d6969f449be_prison-population-23-sept-2011.html,
2011-09-02,2011-09-02,2011-09-02,D2,86710.0,86137.0,573.0,82455.0,4255.0,88554.0,87670.0,884.0,1844.0,1844.0,2000.0,2783.0,,,,Population Bulletin - Weekly 2 September 2011,https://assets.publishing.service.gov.uk/media/5a7c7340ed915d48c240fd08/prison-population-2-sept-2011.doc,raw/weekly_doc_txt/5a7c7340ed915d48c240fd08_prison-population-2-sept-2011.html,
2011-08-26,2011-08-26,2011-08-26,D2,86821.0,86233.0,588.0,82532.0,4289.0,88338.0,87454.0,884.0,1517.0,1517.0,2000.0,2781.0,,,,Population Bulletin - Weekly 26 August 2011,https://assets.publishing.service.gov.uk/media/5a7c74fded915d48c240fdb4/prison-population-26-aug-2011.doc,raw/weekly_doc_txt/5a7c74fded915d48c240fdb4_prison-population-26-aug-2011.html,
2011-03-04,2007-11-09,2011-03-04,D1,85342.0,,,81089.0,4253.0,88338.0,,,2996.0,2996.0,2000.0,2667.0,,84073.0,86459.0,Population Bulletin - Weekly 04 March 2011,https://assets.publishing.service.gov.uk/media/5a7c7ba8e5274a559005a2b9/10004C6604032011_web_report.doc,raw/weekly_doc_txt/5a7c7ba8e5274a559005a2b9_10004C6604032011_web_report.html,
2011-09-09,2011-09-09,2011-09-09,D2,86842.0,86256.0,586.0,82572.0,4270.0,88628.0,87744.0,884.0,1786.0,1786.0,2000.0,2745.0,,,,Population Bulletin - Weekly 9 September 2011,https://assets.publishing.service.gov.uk/media/5a7c7e54e5274a2674eab05f/prison-population-9-sept-2011.doc,raw/weekly_doc_txt/5a7c7e54e5274a2674eab05f_prison-population-9-sept-2011.html,
2011-02-18,2007-11-09,2011-02-18,D1,85072.0,,,80886.0,4186.0,88183.0,,,3111.0,3111.0,2000.0,2622.0,,83820.0,86324.0,Population Bulletin - Weekly 18 February 2011,https://assets.publishing.service.gov.uk/media/5a7c7ffc40f0b62aff6c21ba/10004C5C18022011_web_report.doc,raw/weekly_doc_txt/5a7c7ffc40f0b62aff6c21ba_10004C5C18022011_web_report.html,
2011-10-28,2011-10-28,2011-10-28,D2,87573.0,86754.0,819.0,83378.0,4195.0,89330.0,88338.0,992.0,1757.0,1757.0,2000.0,2738.0,,,,Population Bulletin - Weekly 28 October 2011,https://assets.publishing.service.gov.uk/media/5a7c8a0540f0b62aff6c260f/prison-population-28-oct-2011.doc,raw/weekly_doc_txt/5a7c8a0540f0b62aff6c260f_prison-population-28-oct-2011.html,
2011-04-01,2011-04-01,2011-04-01,D2,85447.0,84922.0,525.0,81206.0,4241.0,87717.0,87117.0,600.0,2270.0,2270.0,2000.0,2671.0,,,,Population Bulletin - Weekly 01 April 2011,https://assets.publishing.service.gov.uk/media/5a7c8d3940f0b62aff6c277e/10004C8101042011_web_report.doc,raw/weekly_doc_txt/5a7c8d3940f0b62aff6c277e_10004C8101042011_web_report.html,
2011-12-02,2011-12-02,2011-12-02,D2,88179.0,87371.0,808.0,83958.0,4221.0,89311.0,88319.0,992.0,1132.0,1132.0,2000.0,2762.0,,,,Population Bulletin - Weekly 02 December 2011,https://assets.publishing.service.gov.uk/media/5a7cace8ed915d6969f468d4/prison-population-02-12-11.doc,raw/weekly_doc_txt/5a7cace8ed915d6969f468d4_prison-population-02-12-11.html,
2011-02-04,2011-02-04,2011-02-04,D1,84469.0,,,80330.0,4139.0,88075.0,,,3606.0,3606.0,2000.0,2626.0,,83655.0,86291.0,Population Bulletin - Weekly 04 February 2011,https://assets.publishing.service.gov.uk/media/5a7cad93ed915d6969f46921/10004C4204022011_web_report.doc,raw/weekly_doc_txt/5a7cad93ed915d6969f46921_10004C4204022011_web_report.html,
2011-06-03,2011-06-03,2011-06-03,D2,85106.0,84499.0,622.0,80930.0,4176.0,87812.0,87138.0,674.0,2706.0,2706.0,2000.0,2698.0,,,,Population Bulletin - Weekly 03 June 2011,https://assets.publishing.service.gov.uk/media/5a7cb1bfe5274a2f304ef85f/prison-poulation-03-june-2011.doc,raw/weekly_doc_txt/5a7cb1bfe5274a2f304ef85f_prison-poulation-03-june-2011.html,
2011-07-15,2011-07-15,2011-07-15,D2,85467.0,84813.0,654.0,81249.0,4218.0,88027.0,87147.0,880.0,2560.0,2560.0,2000.0,2792.0,,,,Population Bulletin - Weekly 15 July 2011,https://assets.publishing.service.gov.uk/media/5a7cc7f7e5274a38e5756b50/prison-populaton-15-july-2011.doc,raw/weekly_doc_txt/5a7cc7f7e5274a38e5756b50_prison-populaton-15-july-2011.html,
2011-04-08,2011-04-08,2011-04-08,D2,85361.0,84812.0,549.0,81120.0,4241.0,87729.0,87135.0,594.0,2368.0,2368.0,2000.0,2735.0,,,,Population Bulletin - Weekly 08 April 2011,https://assets.publishing.service.gov.uk/media/5a7cca1be5274a2c9a484211/prison-poulation-08-april-2011.doc,raw/weekly_doc_txt/5a7cca1be5274a2c9a484211_prison-poulation-08-april-2011.html,
2011-10-07,2011-10-07,2011-10-07,D2,87673.0,86916.0,757.0,83430.0,4243.0,88687.0,87734.0,953.0,1014.0,1014.0,2000.0,2713.0,,,,Population Bulletin - Weekly 7 October 2011,https://assets.publishing.service.gov.uk/media/5a7cd23fe5274a34d8d3324d/prison-population-07-10-11.doc,raw/weekly_doc_txt/5a7cd23fe5274a34d8d3324d_prison-population-07-10-11.html,
2011-05-06,2011-05-06,2011-05-06,D2,84621.0,84094.0,527.0,80490.0,4131.0,87742.0,87148.0,594.0,3121.0,3121.0,2000.0,2635.0,,,,Population Bulletin - Weekly 06 May 2011,https://assets.publishing.service.gov.uk/media/5a7cd28bed915d63cc65d0a9/prison-poulation-06-may-2011.doc,raw/weekly_doc_txt/5a7cd28bed915d63cc65d0a9_prison-poulation-06-may-2011.html,
2011-03-11,2007-11-09,2011-03-11,D1,85381.0,,,81105.0,4276.0,88448.0,,,3067.0,3067.0,2000.0,2699.0,,84086.0,86488.0,Population Bulletin - Weekly 11 March 2011,https://assets.publishing.service.gov.uk/media/5a7cd348ed915d63cc65d0f0/10004C6C11032011_web_report.doc,raw/weekly_doc_txt/5a7cd348ed915d63cc65d0f0_10004C6C11032011_web_report.html,
2011-07-22,2011-07-22,2011-07-22,D2,85578.0,84934.0,644.0,81382.0,4196.0,88073.0,87193.0,880.0,2495.0,2495.0,2000.0,2787.0,,,,Population Bulletin - Weekly 22 July 2011,https://assets.publishing.service.gov.uk/media/5a7ce063e5274a2c9a484a81/prison-population-22-07-11.doc,raw/weekly_doc_txt/5a7ce063e5274a2c9a484a81_prison-population-22-07-11.html,
2011-09-30,2011-09-30,2011-09-30,D2,87501.0,86751.0,750.0,83245.0,4256.0,88533.0,87783.0,750.0,1032.0,1032.0,2000.0,2698.0,,,,Population Bulletin - Weekly 30 September 2011,https://assets.publishing.service.gov.uk/media/5a7ce7c4e5274a2c9a484d5b/prison-population-30-sept-2011.doc,raw/weekly_doc_txt/5a7ce7c4e5274a2c9a484d5b_prison-population-30-sept-2011.html,
2011-02-25,2007-11-09,2011-02-25,D1,85206.0,,,80985.0,4221.0,88286.0,,,3080.0,3080.0,2000.0,2638.0,,83925.0,86386.0,Population Bulletin - Weekly 25 February 2011,https://assets.publishing.service.gov.uk/media/5a7ce9e540f0b6629523c91a/10004C5F25022011_web_report.doc,raw/weekly_doc_txt/5a7ce9e540f0b6629523c91a_10004C5F25022011_web_report.html,
