date,pop,gross_cap,uoc,headroom,scenario
2026-08-24,86843.0,90577.0,88937.0,2094.0,central pop +143/wk
2026-08-31,86986.0,90576.0,88936.0,1950.0,central pop +143/wk
2026-09-07,87129.0,90582.0,88942.0,1813.0,central pop +143/wk
2026-09-14,87272.0,90594.0,88954.0,1682.0,central pop +143/wk
2026-09-21,87415.0,90612.0,88972.0,1557.0,central pop +143/wk
2026-09-28,87558.0,90636.0,88996.0,1438.0,central pop +143/wk
2026-10-05,87001.0,90665.0,89025.0,2024.0,central pop +143/wk
2026-10-12,87144.0,90668.0,89028.0,1884.0,central pop +143/wk
2026-10-19,86637.0,90676.0,89036.0,2399.0,central pop +143/wk
2026-10-26,86780.0,90661.0,89021.0,2241.0,central pop +143/wk
2026-11-02,86923.0,90654.0,89014.0,2091.0,central pop +143/wk
2026-11-09,87066.0,90653.0,89013.0,1947.0,central pop +143/wk
2026-11-16,86559.0,90659.0,89019.0,2460.0,central pop +143/wk
2026-11-23,86702.0,90641.0,89001.0,2299.0,central pop +143/wk
2026-11-30,86845.0,90631.0,88991.0,2146.0,central pop +143/wk
2026-12-07,86988.0,90627.0,88987.0,1999.0,central pop +143/wk
2026-12-14,86581.0,90631.0,88991.0,2410.0,central pop +143/wk
2026-12-21,86724.0,90615.0,88975.0,2251.0,central pop +143/wk
2026-12-28,86867.0,90607.0,88967.0,2100.0,central pop +143/wk
2027-01-04,87010.0,90606.0,88966.0,1956.0,central pop +143/wk
2027-01-11,87153.0,90611.0,88971.0,1818.0,central pop +143/wk
2027-01-18,86696.0,90623.0,88983.0,2287.0,central pop +143/wk
2027-01-25,86839.0,90613.0,88973.0,2134.0,central pop +143/wk
2027-02-01,86982.0,90611.0,88971.0,1989.0,central pop +143/wk
2027-02-08,87125.0,90614.0,88974.0,1849.0,central pop +143/wk
2027-02-15,86768.0,90625.0,88985.0,2217.0,central pop +143/wk
2027-02-22,86911.0,90618.0,88978.0,2067.0,central pop +143/wk
2027-03-01,87054.0,90619.0,88979.0,1925.0,central pop +143/wk
2027-03-08,87197.0,90626.0,88986.0,1789.0,central pop +143/wk
2027-03-15,87140.0,90639.0,88999.0,1859.0,central pop +143/wk
2027-03-22,87283.0,90649.0,89009.0,1726.0,central pop +143/wk
2027-03-29,87426.0,90665.0,89025.0,1599.0,central pop +143/wk
2027-04-05,87569.0,90687.0,89047.0,1478.0,central pop +143/wk
2027-04-12,87712.0,90714.0,89074.0,1362.0,central pop +143/wk
2027-04-19,87655.0,90747.0,89107.0,1452.0,central pop +143/wk
2027-04-26,87798.0,90776.0,89136.0,1338.0,central pop +143/wk
2027-05-03,87941.0,90810.0,89170.0,1229.0,central pop +143/wk
2027-05-10,88084.0,90849.0,89209.0,1125.0,central pop +143/wk
2027-05-17,88227.0,90893.0,89253.0,1026.0,central pop +143/wk
2027-05-24,88370.0,90941.0,89301.0,931.0,central pop +143/wk
2027-05-31,88513.0,90994.0,89354.0,841.0,central pop +143/wk
2027-06-07,88656.0,91051.0,89411.0,755.0,central pop +143/wk
2027-06-14,88799.0,91112.0,89472.0,673.0,central pop +143/wk
2027-06-21,88942.0,91177.0,89537.0,595.0,central pop +143/wk
2027-06-28,89085.0,91245.0,89605.0,520.0,central pop +143/wk
2027-07-05,89228.0,91317.0,89677.0,449.0,central pop +143/wk
2027-07-12,89371.0,91392.0,89752.0,381.0,central pop +143/wk
2027-07-19,89514.0,91470.0,89830.0,316.0,central pop +143/wk
2027-07-26,89657.0,91551.0,89911.0,254.0,central pop +143/wk
2027-08-02,89800.0,91635.0,89995.0,195.0,central pop +143/wk
2027-08-09,89943.0,91722.0,90082.0,139.0,central pop +143/wk
2027-08-16,90086.0,91812.0,90172.0,86.0,central pop +143/wk
2027-08-23,90229.0,91903.0,90263.0,34.0,central pop +143/wk
2027-08-30,90372.0,91998.0,90358.0,-14.0,central pop +143/wk
2027-09-06,90515.0,92094.0,90454.0,-61.0,central pop +143/wk
2027-09-13,90658.0,92193.0,90553.0,-105.0,central pop +143/wk
2027-09-20,90801.0,92293.0,90653.0,-148.0,central pop +143/wk
2027-09-27,90944.0,92396.0,90756.0,-188.0,central pop +143/wk
2027-10-04,91087.0,92501.0,90861.0,-226.0,central pop +143/wk
2027-10-11,91230.0,92607.0,90967.0,-263.0,central pop +143/wk
2027-10-18,91373.0,92715.0,91075.0,-298.0,central pop +143/wk
2027-10-25,91516.0,92824.0,91184.0,-332.0,central pop +143/wk
2027-11-01,91659.0,92936.0,91296.0,-363.0,central pop +143/wk
2027-11-08,91802.0,93048.0,91408.0,-394.0,central pop +143/wk
2027-11-15,91945.0,93162.0,91522.0,-423.0,central pop +143/wk
2027-11-22,92088.0,93278.0,91638.0,-450.0,central pop +143/wk
2027-11-29,92231.0,93394.0,91754.0,-477.0,central pop +143/wk
2027-12-06,92374.0,93512.0,91872.0,-502.0,central pop +143/wk
2027-12-13,92517.0,93631.0,91991.0,-526.0,central pop +143/wk
2027-12-20,92660.0,93751.0,92111.0,-549.0,central pop +143/wk
2027-12-27,92803.0,93872.0,92232.0,-571.0,central pop +143/wk
2028-01-03,92946.0,93995.0,92355.0,-591.0,central pop +143/wk
2028-01-10,93089.0,94118.0,92478.0,-611.0,central pop +143/wk
2028-01-17,93232.0,94242.0,92602.0,-630.0,central pop +143/wk
2028-01-24,93375.0,94367.0,92727.0,-648.0,central pop +143/wk
2028-01-31,93518.0,94492.0,92852.0,-666.0,central pop +143/wk
2028-02-07,93661.0,94619.0,92979.0,-682.0,central pop +143/wk
2028-02-14,93804.0,94746.0,93106.0,-698.0,central pop +143/wk
2028-02-21,93947.0,94874.0,93234.0,-713.0,central pop +143/wk
2028-02-28,94090.0,95003.0,93363.0,-727.0,central pop +143/wk
2028-03-06,94233.0,95133.0,93493.0,-740.0,central pop +143/wk
2028-03-13,94376.0,95263.0,93623.0,-753.0,central pop +143/wk
2028-03-20,94519.0,95393.0,93753.0,-766.0,central pop +143/wk
2028-03-27,94662.0,95524.0,93884.0,-778.0,central pop +143/wk
2028-04-03,94805.0,95656.0,94016.0,-789.0,central pop +143/wk
2028-04-10,94948.0,95788.0,94148.0,-800.0,central pop +143/wk
2028-04-17,95091.0,95921.0,94281.0,-810.0,central pop +143/wk
2028-04-24,95234.0,96054.0,94414.0,-820.0,central pop +143/wk
2028-05-01,95377.0,96188.0,94548.0,-829.0,central pop +143/wk
2028-05-08,95520.0,96322.0,94682.0,-838.0,central pop +143/wk
2028-05-15,95663.0,96457.0,94817.0,-846.0,central pop +143/wk
2028-05-22,95806.0,96592.0,94952.0,-854.0,central pop +143/wk
2028-05-29,95949.0,96727.0,95087.0,-862.0,central pop +143/wk
2028-06-05,96092.0,96863.0,95223.0,-869.0,central pop +143/wk
2028-06-12,96235.0,96999.0,95359.0,-876.0,central pop +143/wk
2026-08-24,86843.0,90577.0,88937.0,2094.0,slower pop +85/wk
2026-08-31,86928.0,90576.0,88936.0,2008.0,slower pop +85/wk
2026-09-07,87013.0,90579.0,88939.0,1926.0,slower pop +85/wk
2026-09-14,87098.0,90586.0,88946.0,1848.0,slower pop +85/wk
2026-09-21,87183.0,90596.0,88956.0,1773.0,slower pop +85/wk
2026-09-28,87268.0,90610.0,88970.0,1702.0,slower pop +85/wk
2026-10-05,86653.0,90627.0,88987.0,2334.0,slower pop +85/wk
2026-10-12,86738.0,90615.0,88975.0,2237.0,slower pop +85/wk
2026-10-19,86173.0,90608.0,88968.0,2795.0,slower pop +85/wk
2026-10-26,86258.0,90575.0,88935.0,2677.0,slower pop +85/wk
2026-11-02,86343.0,90547.0,88907.0,2564.0,slower pop +85/wk
2026-11-09,86428.0,90524.0,88884.0,2456.0,slower pop +85/wk
2026-11-16,85863.0,90507.0,88867.0,3004.0,slower pop +85/wk
2026-11-23,85948.0,90464.0,88824.0,2876.0,slower pop +85/wk
2026-11-30,86033.0,90427.0,88787.0,2754.0,slower pop +85/wk
2026-12-07,86118.0,90395.0,88755.0,2637.0,slower pop +85/wk
2026-12-14,85653.0,90369.0,88729.0,3076.0,slower pop +85/wk
2026-12-21,85738.0,90323.0,88683.0,2945.0,slower pop +85/wk
2026-12-28,85823.0,90283.0,88643.0,2820.0,slower pop +85/wk
2027-01-04,85908.0,90248.0,88608.0,2700.0,slower pop +85/wk
2027-01-11,85993.0,90219.0,88579.0,2586.0,slower pop +85/wk
2027-01-18,85478.0,90196.0,88556.0,3078.0,slower pop +85/wk
2027-01-25,85563.0,90149.0,88509.0,2946.0,slower pop +85/wk
2027-02-01,85648.0,90109.0,88469.0,2821.0,slower pop +85/wk
2027-02-08,85733.0,90074.0,88434.0,2701.0,slower pop +85/wk
2027-02-15,85318.0,90046.0,88406.0,3088.0,slower pop +85/wk
2027-02-22,85403.0,89999.0,88359.0,2956.0,slower pop +85/wk
2027-03-01,85488.0,89958.0,88318.0,2830.0,slower pop +85/wk
2027-03-08,85573.0,89923.0,88283.0,2710.0,slower pop +85/wk
2027-03-15,85458.0,89894.0,88254.0,2796.0,slower pop +85/wk
2027-03-22,85543.0,89860.0,88220.0,2677.0,slower pop +85/wk
2027-03-29,85628.0,89832.0,88192.0,2564.0,slower pop +85/wk
2027-04-05,85713.0,89810.0,88170.0,2457.0,slower pop +85/wk
2027-04-12,85798.0,89792.0,88152.0,2354.0,slower pop +85/wk
2027-04-19,85683.0,89779.0,88139.0,2456.0,slower pop +85/wk
2027-04-26,85768.0,89762.0,88122.0,2354.0,slower pop +85/wk
2027-05-03,85853.0,89749.0,88109.0,2256.0,slower pop +85/wk
2027-05-10,85938.0,89740.0,88100.0,2162.0,slower pop +85/wk
2027-05-17,86023.0,89736.0,88096.0,2073.0,slower pop +85/wk
2027-05-24,86108.0,89736.0,88096.0,1988.0,slower pop +85/wk
2027-05-31,86193.0,89740.0,88100.0,1907.0,slower pop +85/wk
2027-06-07,86278.0,89748.0,88108.0,1830.0,slower pop +85/wk
2027-06-14,86363.0,89759.0,88119.0,1756.0,slower pop +85/wk
2027-06-21,86448.0,89774.0,88134.0,1686.0,slower pop +85/wk
2027-06-28,86533.0,89792.0,88152.0,1619.0,slower pop +85/wk
2027-07-05,86618.0,89813.0,88173.0,1555.0,slower pop +85/wk
2027-07-12,86703.0,89837.0,88197.0,1494.0,slower pop +85/wk
2027-07-19,86788.0,89864.0,88224.0,1436.0,slower pop +85/wk
2027-07-26,86873.0,89893.0,88253.0,1380.0,slower pop +85/wk
2027-08-02,86958.0,89925.0,88285.0,1327.0,slower pop +85/wk
2027-08-09,87043.0,89960.0,88320.0,1277.0,slower pop +85/wk
2027-08-16,87128.0,89997.0,88357.0,1229.0,slower pop +85/wk
2027-08-23,87213.0,90036.0,88396.0,1183.0,slower pop +85/wk
2027-08-30,87298.0,90077.0,88437.0,1139.0,slower pop +85/wk
2027-09-06,87383.0,90120.0,88480.0,1097.0,slower pop +85/wk
2027-09-13,87468.0,90165.0,88525.0,1057.0,slower pop +85/wk
2027-09-20,87553.0,90212.0,88572.0,1019.0,slower pop +85/wk
2027-09-27,87638.0,90261.0,88621.0,983.0,slower pop +85/wk
2027-10-04,87723.0,90311.0,88671.0,948.0,slower pop +85/wk
2027-10-11,87808.0,90363.0,88723.0,915.0,slower pop +85/wk
2027-10-18,87893.0,90417.0,88777.0,884.0,slower pop +85/wk
2027-10-25,87978.0,90472.0,88832.0,854.0,slower pop +85/wk
2027-11-01,88063.0,90528.0,88888.0,825.0,slower pop +85/wk
2027-11-08,88148.0,90586.0,88946.0,798.0,slower pop +85/wk
2027-11-15,88233.0,90645.0,89005.0,772.0,slower pop +85/wk
2027-11-22,88318.0,90705.0,89065.0,747.0,slower pop +85/wk
2027-11-29,88403.0,90766.0,89126.0,723.0,slower pop +85/wk
2027-12-06,88488.0,90829.0,89189.0,701.0,slower pop +85/wk
2027-12-13,88573.0,90892.0,89252.0,679.0,slower pop +85/wk
2027-12-20,88658.0,90957.0,89317.0,659.0,slower pop +85/wk
2027-12-27,88743.0,91022.0,89382.0,639.0,slower pop +85/wk
2028-01-03,88828.0,91088.0,89448.0,620.0,slower pop +85/wk
2028-01-10,88913.0,91156.0,89516.0,603.0,slower pop +85/wk
2028-01-17,88998.0,91223.0,89583.0,585.0,slower pop +85/wk
2028-01-24,89083.0,91292.0,89652.0,569.0,slower pop +85/wk
2028-01-31,89168.0,91362.0,89722.0,554.0,slower pop +85/wk
2028-02-07,89253.0,91432.0,89792.0,539.0,slower pop +85/wk
2028-02-14,89338.0,91503.0,89863.0,525.0,slower pop +85/wk
2028-02-21,89423.0,91575.0,89935.0,512.0,slower pop +85/wk
2028-02-28,89508.0,91647.0,90007.0,499.0,slower pop +85/wk
2028-03-06,89593.0,91719.0,90079.0,486.0,slower pop +85/wk
2028-03-13,89678.0,91793.0,90153.0,475.0,slower pop +85/wk
2028-03-20,89763.0,91867.0,90227.0,464.0,slower pop +85/wk
2028-03-27,89848.0,91941.0,90301.0,453.0,slower pop +85/wk
2028-04-03,89933.0,92016.0,90376.0,443.0,slower pop +85/wk
2028-04-10,90018.0,92091.0,90451.0,433.0,slower pop +85/wk
2028-04-17,90103.0,92167.0,90527.0,424.0,slower pop +85/wk
2028-04-24,90188.0,92243.0,90603.0,415.0,slower pop +85/wk
2028-05-01,90273.0,92320.0,90680.0,407.0,slower pop +85/wk
2028-05-08,90358.0,92397.0,90757.0,399.0,slower pop +85/wk
2028-05-15,90443.0,92474.0,90834.0,391.0,slower pop +85/wk
2028-05-22,90528.0,92552.0,90912.0,384.0,slower pop +85/wk
2028-05-29,90613.0,92630.0,90990.0,377.0,slower pop +85/wk
2028-06-05,90698.0,92709.0,91069.0,371.0,slower pop +85/wk
2028-06-12,90783.0,92787.0,91147.0,364.0,slower pop +85/wk
2026-08-24,86843.0,90577.0,88937.0,2094.0,faster pop +180/wk
2026-08-31,87023.0,90576.0,88936.0,1913.0,faster pop +180/wk
2026-09-07,87203.0,90584.0,88944.0,1741.0,faster pop +180/wk
2026-09-14,87383.0,90599.0,88959.0,1576.0,faster pop +180/wk
2026-09-21,87563.0,90622.0,88982.0,1419.0,faster pop +180/wk
2026-09-28,87743.0,90652.0,89012.0,1269.0,faster pop +180/wk
2026-10-05,87223.0,90689.0,89049.0,1826.0,faster pop +180/wk
2026-10-12,87403.0,90701.0,89061.0,1658.0,faster pop +180/wk
2026-10-19,86933.0,90720.0,89080.0,2147.0,faster pop +180/wk
2026-10-26,87113.0,90717.0,89077.0,1964.0,faster pop +180/wk
2026-11-02,87293.0,90722.0,89082.0,1789.0,faster pop +180/wk
2026-11-09,87473.0,90735.0,89095.0,1622.0,faster pop +180/wk
2026-11-16,87003.0,90756.0,89116.0,2113.0,faster pop +180/wk
2026-11-23,87183.0,90754.0,89114.0,1931.0,faster pop +180/wk
2026-11-30,87363.0,90761.0,89121.0,1758.0,faster pop +180/wk
2026-12-07,87543.0,90775.0,89135.0,1592.0,faster pop +180/wk
2026-12-14,87173.0,90798.0,89158.0,1985.0,faster pop +180/wk
2026-12-21,87353.0,90802.0,89162.0,1809.0,faster pop +180/wk
2026-12-28,87533.0,90814.0,89174.0,1641.0,faster pop +180/wk
2027-01-04,87713.0,90834.0,89194.0,1481.0,faster pop +180/wk
2027-01-11,87893.0,90861.0,89221.0,1328.0,faster pop +180/wk
2027-01-18,87473.0,90896.0,89256.0,1783.0,faster pop +180/wk
2027-01-25,87653.0,90909.0,89269.0,1616.0,faster pop +180/wk
2027-02-01,87833.0,90930.0,89290.0,1457.0,faster pop +180/wk
2027-02-08,88013.0,90959.0,89319.0,1306.0,faster pop +180/wk
2027-02-15,87693.0,90994.0,89354.0,1661.0,faster pop +180/wk
2027-02-22,87873.0,91014.0,89374.0,1501.0,faster pop +180/wk
2027-03-01,88053.0,91040.0,89400.0,1347.0,faster pop +180/wk
2027-03-08,88233.0,91074.0,89434.0,1201.0,faster pop +180/wk
2027-03-15,88213.0,91114.0,89474.0,1261.0,faster pop +180/wk
2027-03-22,88393.0,91152.0,89512.0,1119.0,faster pop +180/wk
2027-03-29,88573.0,91196.0,89556.0,983.0,faster pop +180/wk
2027-04-05,88753.0,91246.0,89606.0,853.0,faster pop +180/wk
2027-04-12,88933.0,91303.0,89663.0,730.0,faster pop +180/wk
2027-04-19,88913.0,91365.0,89725.0,812.0,faster pop +180/wk
2027-04-26,89093.0,91423.0,89783.0,690.0,faster pop +180/wk
2027-05-03,89273.0,91487.0,89847.0,574.0,faster pop +180/wk
2027-05-10,89453.0,91556.0,89916.0,463.0,faster pop +180/wk
2027-05-17,89633.0,91631.0,89991.0,358.0,faster pop +180/wk
2027-05-24,89813.0,91710.0,90070.0,257.0,faster pop +180/wk
2027-05-31,89993.0,91794.0,90154.0,161.0,faster pop +180/wk
2027-06-07,90173.0,91882.0,90242.0,69.0,faster pop +180/wk
2027-06-14,90353.0,91975.0,90335.0,-18.0,faster pop +180/wk
2027-06-21,90533.0,92072.0,90432.0,-101.0,faster pop +180/wk
2027-06-28,90713.0,92172.0,90532.0,-181.0,faster pop +180/wk
2027-07-05,90893.0,92276.0,90636.0,-257.0,faster pop +180/wk
2027-07-12,91073.0,92384.0,90744.0,-329.0,faster pop +180/wk
2027-07-19,91253.0,92495.0,90855.0,-398.0,faster pop +180/wk
2027-07-26,91433.0,92609.0,90969.0,-464.0,faster pop +180/wk
2027-08-02,91613.0,92726.0,91086.0,-527.0,faster pop +180/wk
2027-08-09,91793.0,92847.0,91207.0,-586.0,faster pop +180/wk
2027-08-16,91973.0,92969.0,91329.0,-644.0,faster pop +180/wk
2027-08-23,92153.0,93095.0,91455.0,-698.0,faster pop +180/wk
2027-08-30,92333.0,93223.0,91583.0,-750.0,faster pop +180/wk
2027-09-06,92513.0,93354.0,91714.0,-799.0,faster pop +180/wk
2027-09-13,92693.0,93486.0,91846.0,-847.0,faster pop +180/wk
2027-09-20,92873.0,93621.0,91981.0,-892.0,faster pop +180/wk
2027-09-27,93053.0,93758.0,92118.0,-935.0,faster pop +180/wk
2027-10-04,93233.0,93897.0,92257.0,-976.0,faster pop +180/wk
2027-10-11,93413.0,94038.0,92398.0,-1015.0,faster pop +180/wk
2027-10-18,93593.0,94181.0,92541.0,-1052.0,faster pop +180/wk
2027-10-25,93773.0,94325.0,92685.0,-1088.0,faster pop +180/wk
2027-11-01,93953.0,94471.0,92831.0,-1122.0,faster pop +180/wk
2027-11-08,94133.0,94619.0,92979.0,-1154.0,faster pop +180/wk
2027-11-15,94313.0,94768.0,93128.0,-1185.0,faster pop +180/wk
2027-11-22,94493.0,94919.0,93279.0,-1214.0,faster pop +180/wk
2027-11-29,94673.0,95071.0,93431.0,-1242.0,faster pop +180/wk
2027-12-06,94853.0,95224.0,93584.0,-1269.0,faster pop +180/wk
2027-12-13,95033.0,95378.0,93738.0,-1295.0,faster pop +180/wk
2027-12-20,95213.0,95534.0,93894.0,-1319.0,faster pop +180/wk
2027-12-27,95393.0,95691.0,94051.0,-1342.0,faster pop +180/wk
2028-01-03,95573.0,95848.0,94208.0,-1365.0,faster pop +180/wk
2028-01-10,95753.0,96007.0,94367.0,-1386.0,faster pop +180/wk
2028-01-17,95933.0,96167.0,94527.0,-1406.0,faster pop +180/wk
2028-01-24,96113.0,96328.0,94688.0,-1425.0,faster pop +180/wk
2028-01-31,96293.0,96490.0,94850.0,-1443.0,faster pop +180/wk
2028-02-07,96473.0,96652.0,95012.0,-1461.0,faster pop +180/wk
2028-02-14,96653.0,96815.0,95175.0,-1478.0,faster pop +180/wk
2028-02-21,96833.0,96979.0,95339.0,-1494.0,faster pop +180/wk
2028-02-28,97013.0,97144.0,95504.0,-1509.0,faster pop +180/wk
2028-03-06,97193.0,97310.0,95670.0,-1523.0,faster pop +180/wk
2028-03-13,97373.0,97476.0,95836.0,-1537.0,faster pop +180/wk
2028-03-20,97553.0,97643.0,96003.0,-1550.0,faster pop +180/wk
2028-03-27,97733.0,97810.0,96170.0,-1563.0,faster pop +180/wk
2028-04-03,97913.0,97978.0,96338.0,-1575.0,faster pop +180/wk
2028-04-10,98093.0,98147.0,96507.0,-1586.0,faster pop +180/wk
2028-04-17,98273.0,98316.0,96676.0,-1597.0,faster pop +180/wk
2028-04-24,98453.0,98486.0,96846.0,-1607.0,faster pop +180/wk
2028-05-01,98633.0,98656.0,97016.0,-1617.0,faster pop +180/wk
2028-05-08,98813.0,98826.0,97186.0,-1627.0,faster pop +180/wk
2028-05-15,98993.0,98997.0,97357.0,-1636.0,faster pop +180/wk
2028-05-22,99173.0,99169.0,97529.0,-1644.0,faster pop +180/wk
2028-05-29,99353.0,99340.0,97700.0,-1653.0,faster pop +180/wk
2028-06-05,99533.0,99512.0,97872.0,-1661.0,faster pop +180/wk
2028-06-12,99713.0,99685.0,98045.0,-1668.0,faster pop +180/wk
