date,pop,uoc,headroom,scenario
2026-08-24,86843.0,88937.0,2094.0,central (trend +20/wk)
2026-08-31,86840.0,88959.0,2120.0,central (trend +20/wk)
2026-09-07,86849.0,88981.0,2132.0,central (trend +20/wk)
2026-09-14,86885.0,89010.0,2126.0,central (trend +20/wk)
2026-09-21,86928.0,89044.0,2117.0,central (trend +20/wk)
2026-09-28,87007.0,89083.0,2076.0,central (trend +20/wk)
2026-10-05,86394.0,89093.0,2699.0,central (trend +20/wk)
2026-10-12,86435.0,89087.0,2652.0,central (trend +20/wk)
2026-10-19,85808.0,89048.0,3241.0,central (trend +20/wk)
2026-10-26,85832.0,89002.0,3170.0,central (trend +20/wk)
2026-11-02,85848.0,88942.0,3095.0,central (trend +20/wk)
2026-11-09,85852.0,88885.0,3032.0,central (trend +20/wk)
2026-11-16,85221.0,88807.0,3585.0,central (trend +20/wk)
2026-11-23,85211.0,88726.0,3515.0,central (trend +20/wk)
2026-11-30,85135.0,88645.0,3509.0,central (trend +20/wk)
2026-12-07,84988.0,88560.0,3573.0,central (trend +20/wk)
2026-12-14,84291.0,88456.0,4165.0,central (trend +20/wk)
2026-12-21,84117.0,88345.0,4228.0,central (trend +20/wk)
2026-12-28,84002.0,88229.0,4226.0,central (trend +20/wk)
2027-01-04,83964.0,88131.0,4167.0,central (trend +20/wk)
2027-01-11,84015.0,88037.0,4021.0,central (trend +20/wk)
2027-01-18,83501.0,87950.0,4449.0,central (trend +20/wk)
2027-01-25,83659.0,87869.0,4210.0,central (trend +20/wk)
2027-02-01,83794.0,87799.0,4005.0,central (trend +20/wk)
2027-02-08,83914.0,87737.0,3824.0,central (trend +20/wk)
2027-02-15,83523.0,87684.0,4161.0,central (trend +20/wk)
2027-02-22,83594.0,87636.0,4042.0,central (trend +20/wk)
2027-03-01,83638.0,87594.0,3957.0,central (trend +20/wk)
2027-03-08,83668.0,87557.0,3889.0,central (trend +20/wk)
2027-03-15,83469.0,87534.0,4065.0,central (trend +20/wk)
2027-03-22,83434.0,87515.0,4081.0,central (trend +20/wk)
2027-03-29,83390.0,87499.0,4109.0,central (trend +20/wk)
2027-04-05,83333.0,87483.0,4150.0,central (trend +20/wk)
2027-04-12,83287.0,87451.0,4164.0,central (trend +20/wk)
2027-04-19,83061.0,87428.0,4367.0,central (trend +20/wk)
2027-04-26,83057.0,87387.0,4330.0,central (trend +20/wk)
2027-05-03,83079.0,87345.0,4266.0,central (trend +20/wk)
2027-05-10,83110.0,87301.0,4191.0,central (trend +20/wk)
2027-05-17,83124.0,87271.0,4147.0,central (trend +20/wk)
2027-05-24,83129.0,87227.0,4098.0,central (trend +20/wk)
2027-05-31,83136.0,87184.0,4048.0,central (trend +20/wk)
2027-06-07,83127.0,87139.0,4012.0,central (trend +20/wk)
2027-06-14,83138.0,87099.0,3961.0,central (trend +20/wk)
2027-06-21,83176.0,87049.0,3873.0,central (trend +20/wk)
2027-06-28,83234.0,87000.0,3766.0,central (trend +20/wk)
2027-07-05,83300.0,86955.0,3655.0,central (trend +20/wk)
2027-07-12,83379.0,86915.0,3536.0,central (trend +20/wk)
2027-07-19,83448.0,86886.0,3438.0,central (trend +20/wk)
2027-07-26,83522.0,86851.0,3329.0,central (trend +20/wk)
2027-08-02,83604.0,86823.0,3219.0,central (trend +20/wk)
2027-08-09,83684.0,86800.0,3117.0,central (trend +20/wk)
2027-08-16,83739.0,86783.0,3044.0,central (trend +20/wk)
2027-08-23,83792.0,86760.0,2968.0,central (trend +20/wk)
2027-08-30,83806.0,86740.0,2933.0,central (trend +20/wk)
2027-09-06,83803.0,86721.0,2919.0,central (trend +20/wk)
2027-09-13,83812.0,86704.0,2893.0,central (trend +20/wk)
2027-09-20,83848.0,86684.0,2836.0,central (trend +20/wk)
2027-09-27,83891.0,86662.0,2771.0,central (trend +20/wk)
2027-10-04,83970.0,86640.0,2670.0,central (trend +20/wk)
2027-10-11,84057.0,86618.0,2561.0,central (trend +20/wk)
2027-10-18,84098.0,86594.0,2496.0,central (trend +20/wk)
2027-10-25,84121.0,86565.0,2444.0,central (trend +20/wk)
2027-11-01,84145.0,86534.0,2389.0,central (trend +20/wk)
2027-11-08,84161.0,86503.0,2342.0,central (trend +20/wk)
2027-11-15,84166.0,86472.0,2307.0,central (trend +20/wk)
2027-11-22,84185.0,86442.0,2257.0,central (trend +20/wk)
2027-11-29,84174.0,86411.0,2237.0,central (trend +20/wk)
2027-12-06,84098.0,86380.0,2281.0,central (trend +20/wk)
2027-12-13,83951.0,86344.0,2393.0,central (trend +20/wk)
2027-12-20,83804.0,86304.0,2500.0,central (trend +20/wk)
2027-12-27,83630.0,86260.0,2630.0,central (trend +20/wk)
2028-01-03,83458.0,86211.0,2753.0,central (trend +20/wk)
2028-01-10,83509.0,86163.0,2653.0,central (trend +20/wk)
2028-01-17,83595.0,86119.0,2523.0,central (trend +20/wk)
2028-01-24,83753.0,86081.0,2328.0,central (trend +20/wk)
2028-01-31,83888.0,86048.0,2160.0,central (trend +20/wk)
2028-02-07,84008.0,86022.0,2014.0,central (trend +20/wk)
2028-02-14,84117.0,86000.0,1883.0,central (trend +20/wk)
2028-02-21,84188.0,85982.0,1794.0,central (trend +20/wk)
2028-02-28,84232.0,85967.0,1735.0,central (trend +20/wk)
2028-03-06,84262.0,85956.0,1694.0,central (trend +20/wk)
2028-03-13,84263.0,85949.0,1687.0,central (trend +20/wk)
2028-03-20,84228.0,85947.0,1719.0,central (trend +20/wk)
2028-03-27,84184.0,85950.0,1765.0,central (trend +20/wk)
2028-04-03,84127.0,85957.0,1830.0,central (trend +20/wk)
2028-04-10,84081.0,85964.0,1883.0,central (trend +20/wk)
2028-04-17,84055.0,85970.0,1914.0,central (trend +20/wk)
2028-04-24,84051.0,85972.0,1921.0,central (trend +20/wk)
2028-05-01,84073.0,85972.0,1900.0,central (trend +20/wk)
2028-05-08,84104.0,85971.0,1867.0,central (trend +20/wk)
2028-05-15,84118.0,85968.0,1850.0,central (trend +20/wk)
2028-05-22,84124.0,85964.0,1840.0,central (trend +20/wk)
2028-05-29,84130.0,85960.0,1830.0,central (trend +20/wk)
2028-06-05,84121.0,85955.0,1833.0,central (trend +20/wk)
2028-06-12,84132.0,85949.0,1817.0,central (trend +20/wk)
2026-08-24,86843.0,88937.0,2094.0,no underlying trend
2026-08-31,86820.0,88959.0,2138.0,no underlying trend
2026-09-07,86810.0,88979.0,2169.0,no underlying trend
2026-09-14,86827.0,89007.0,2180.0,no underlying trend
2026-09-21,86851.0,89039.0,2187.0,no underlying trend
2026-09-28,86912.0,89075.0,2163.0,no underlying trend
2026-10-05,86279.0,89081.0,2802.0,no underlying trend
2026-10-12,86301.0,89071.0,2770.0,no underlying trend
2026-10-19,85655.0,89028.0,3373.0,no underlying trend
2026-10-26,85660.0,88977.0,3316.0,no underlying trend
2026-11-02,85657.0,88911.0,3254.0,no underlying trend
2026-11-09,85642.0,88847.0,3205.0,no underlying trend
2026-11-16,84992.0,88762.0,3770.0,no underlying trend
2026-11-23,84962.0,88674.0,3712.0,no underlying trend
2026-11-30,84868.0,88586.0,3718.0,no underlying trend
2026-12-07,84701.0,88494.0,3793.0,no underlying trend
2026-12-14,83985.0,88383.0,4397.0,no underlying trend
2026-12-21,83792.0,88263.0,4472.0,no underlying trend
2026-12-28,83658.0,88140.0,4482.0,no underlying trend
2027-01-04,83601.0,88035.0,4435.0,no underlying trend
2027-01-11,83633.0,87933.0,4300.0,no underlying trend
2027-01-18,83100.0,87839.0,4740.0,no underlying trend
2027-01-25,83238.0,87751.0,4513.0,no underlying trend
2027-02-01,83354.0,87674.0,4319.0,no underlying trend
2027-02-08,83455.0,87604.0,4149.0,no underlying trend
2027-02-15,83045.0,87544.0,4499.0,no underlying trend
2027-02-22,83097.0,87489.0,4392.0,no underlying trend
2027-03-01,83121.0,87439.0,4318.0,no underlying trend
2027-03-08,83132.0,87394.0,4262.0,no underlying trend
2027-03-15,82914.0,87363.0,4449.0,no underlying trend
2027-03-22,82861.0,87336.0,4475.0,no underlying trend
2027-03-29,82798.0,87311.0,4513.0,no underlying trend
2027-04-05,82721.0,87285.0,4564.0,no underlying trend
2027-04-12,82656.0,87243.0,4588.0,no underlying trend
2027-04-19,82411.0,87210.0,4799.0,no underlying trend
2027-04-26,82388.0,87160.0,4772.0,no underlying trend
2027-05-03,82390.0,87107.0,4716.0,no underlying trend
2027-05-10,82403.0,87052.0,4650.0,no underlying trend
2027-05-17,82398.0,87011.0,4614.0,no underlying trend
2027-05-24,82384.0,86956.0,4572.0,no underlying trend
2027-05-31,82371.0,86901.0,4529.0,no underlying trend
2027-06-07,82344.0,86844.0,4500.0,no underlying trend
2027-06-14,82335.0,86792.0,4457.0,no underlying trend
2027-06-21,82354.0,86729.0,4375.0,no underlying trend
2027-06-28,82393.0,86667.0,4275.0,no underlying trend
2027-07-05,82439.0,86609.0,4170.0,no underlying trend
2027-07-12,82500.0,86556.0,4056.0,no underlying trend
2027-07-19,82550.0,86514.0,3964.0,no underlying trend
2027-07-26,82604.0,86465.0,3861.0,no underlying trend
2027-08-02,82667.0,86423.0,3755.0,no underlying trend
2027-08-09,82728.0,86386.0,3658.0,no underlying trend
2027-08-16,82764.0,86354.0,3590.0,no underlying trend
2027-08-23,82798.0,86316.0,3518.0,no underlying trend
2027-08-30,82793.0,86281.0,3488.0,no underlying trend
2027-09-06,82770.0,86247.0,3477.0,no underlying trend
2027-09-13,82760.0,86215.0,3455.0,no underlying trend
2027-09-20,82777.0,86178.0,3401.0,no underlying trend
2027-09-27,82801.0,86141.0,3340.0,no underlying trend
2027-10-04,82862.0,86103.0,3241.0,no underlying trend
2027-10-11,82929.0,86064.0,3135.0,no underlying trend
2027-10-18,82951.0,86024.0,3072.0,no underlying trend
2027-10-25,82955.0,85977.0,3023.0,no underlying trend
2027-11-01,82960.0,85930.0,2970.0,no underlying trend
2027-11-08,82957.0,85882.0,2925.0,no underlying trend
2027-11-15,82942.0,85834.0,2891.0,no underlying trend
2027-11-22,82942.0,85785.0,2843.0,no underlying trend
2027-11-29,82912.0,85737.0,2824.0,no underlying trend
2027-12-06,82818.0,85687.0,2870.0,no underlying trend
2027-12-13,82651.0,85634.0,2983.0,no underlying trend
2027-12-20,82485.0,85576.0,3091.0,no underlying trend
2027-12-27,82292.0,85513.0,3221.0,no underlying trend
2028-01-03,82101.0,85445.0,3345.0,no underlying trend
2028-01-10,82133.0,85379.0,3246.0,no underlying trend
2028-01-17,82200.0,85316.0,3116.0,no underlying trend
2028-01-24,82338.0,85259.0,2921.0,no underlying trend
2028-01-31,82454.0,85208.0,2754.0,no underlying trend
2028-02-07,82555.0,85162.0,2607.0,no underlying trend
2028-02-14,82645.0,85121.0,2476.0,no underlying trend
2028-02-21,82697.0,85084.0,2387.0,no underlying trend
2028-02-28,82721.0,85049.0,2328.0,no underlying trend
2028-03-06,82732.0,85018.0,2286.0,no underlying trend
2028-03-13,82714.0,84993.0,2278.0,no underlying trend
2028-03-20,82661.0,84970.0,2310.0,no underlying trend
2028-03-27,82598.0,84953.0,2356.0,no underlying trend
2028-04-03,82521.0,84941.0,2420.0,no underlying trend
2028-04-10,82456.0,84928.0,2472.0,no underlying trend
2028-04-17,82411.0,84914.0,2502.0,no underlying trend
2028-04-24,82388.0,84896.0,2508.0,no underlying trend
2028-05-01,82390.0,84876.0,2486.0,no underlying trend
2028-05-08,82403.0,84855.0,2452.0,no underlying trend
2028-05-15,82398.0,84832.0,2434.0,no underlying trend
2028-05-22,82384.0,84808.0,2424.0,no underlying trend
2028-05-29,82371.0,84783.0,2412.0,no underlying trend
2028-06-05,82344.0,84758.0,2414.0,no underlying trend
2028-06-12,82335.0,84732.0,2397.0,no underlying trend
2026-08-24,86843.0,88937.0,2094.0,FTR56 still landing (+60/wk)
2026-08-31,86880.0,88961.0,2080.0,FTR56 still landing (+60/wk)
2026-09-07,86930.0,88985.0,2054.0,FTR56 still landing (+60/wk)
2026-09-14,87007.0,89018.0,2010.0,FTR56 still landing (+60/wk)
2026-09-21,87091.0,89056.0,1965.0,FTR56 still landing (+60/wk)
2026-09-28,87212.0,89101.0,1890.0,FTR56 still landing (+60/wk)
2026-10-05,86639.0,89119.0,2479.0,FTR56 still landing (+60/wk)
2026-10-12,86721.0,89121.0,2399.0,FTR56 still landing (+60/wk)
2026-10-19,86135.0,89092.0,2957.0,FTR56 still landing (+60/wk)
2026-10-26,86200.0,89057.0,2857.0,FTR56 still landing (+60/wk)
2026-11-02,86257.0,89009.0,2752.0,FTR56 still landing (+60/wk)
2026-11-09,86302.0,88965.0,2663.0,FTR56 still landing (+60/wk)
2026-11-16,85712.0,88901.0,3189.0,FTR56 still landing (+60/wk)
2026-11-23,85742.0,88836.0,3094.0,FTR56 still landing (+60/wk)
2026-11-30,85708.0,88771.0,3063.0,FTR56 still landing (+60/wk)
2026-12-07,85601.0,88702.0,3101.0,FTR56 still landing (+60/wk)
2026-12-14,84945.0,88614.0,3669.0,FTR56 still landing (+60/wk)
2026-12-21,84812.0,88518.0,3706.0,FTR56 still landing (+60/wk)
2026-12-28,84738.0,88418.0,3680.0,FTR56 still landing (+60/wk)
2027-01-04,84741.0,88336.0,3596.0,FTR56 still landing (+60/wk)
2027-01-11,84833.0,88258.0,3425.0,FTR56 still landing (+60/wk)
2027-01-18,84360.0,88187.0,3827.0,FTR56 still landing (+60/wk)
2027-01-25,84558.0,88122.0,3563.0,FTR56 still landing (+60/wk)
2027-02-01,84734.0,88067.0,3333.0,FTR56 still landing (+60/wk)
2027-02-08,84895.0,88021.0,3126.0,FTR56 still landing (+60/wk)
2027-02-15,84545.0,87984.0,3439.0,FTR56 still landing (+60/wk)
2027-02-22,84657.0,87952.0,3295.0,FTR56 still landing (+60/wk)
2027-03-01,84741.0,87926.0,3184.0,FTR56 still landing (+60/wk)
2027-03-08,84812.0,87905.0,3092.0,FTR56 still landing (+60/wk)
2027-03-15,84654.0,87899.0,3245.0,FTR56 still landing (+60/wk)
2027-03-22,84661.0,87899.0,3239.0,FTR56 still landing (+60/wk)
2027-03-29,84658.0,87902.0,3244.0,FTR56 still landing (+60/wk)
2027-04-05,84641.0,87906.0,3265.0,FTR56 still landing (+60/wk)
2027-04-12,84636.0,87894.0,3258.0,FTR56 still landing (+60/wk)
2027-04-19,84451.0,87892.0,3441.0,FTR56 still landing (+60/wk)
2027-04-26,84488.0,87874.0,3386.0,FTR56 still landing (+60/wk)
2027-05-03,84550.0,87854.0,3304.0,FTR56 still landing (+60/wk)
2027-05-10,84623.0,87834.0,3211.0,FTR56 still landing (+60/wk)
2027-05-17,84678.0,87828.0,3150.0,FTR56 still landing (+60/wk)
2027-05-24,84724.0,87808.0,3084.0,FTR56 still landing (+60/wk)
2027-05-31,84771.0,87790.0,3018.0,FTR56 still landing (+60/wk)
2027-06-07,84804.0,87771.0,2967.0,FTR56 still landing (+60/wk)
2027-06-14,84855.0,87757.0,2902.0,FTR56 still landing (+60/wk)
2027-06-21,84934.0,87733.0,2799.0,FTR56 still landing (+60/wk)
2027-06-28,85033.0,87711.0,2679.0,FTR56 still landing (+60/wk)
2027-07-05,85139.0,87694.0,2555.0,FTR56 still landing (+60/wk)
2027-07-12,85260.0,87682.0,2422.0,FTR56 still landing (+60/wk)
2027-07-19,85370.0,87682.0,2313.0,FTR56 still landing (+60/wk)
2027-07-26,85484.0,87676.0,2192.0,FTR56 still landing (+60/wk)
2027-08-02,85607.0,87678.0,2071.0,FTR56 still landing (+60/wk)
2027-08-09,85728.0,87686.0,1958.0,FTR56 still landing (+60/wk)
2027-08-16,85824.0,87700.0,1876.0,FTR56 still landing (+60/wk)
2027-08-23,85918.0,87708.0,1791.0,FTR56 still landing (+60/wk)
2027-08-30,85973.0,87720.0,1747.0,FTR56 still landing (+60/wk)
2027-09-06,86010.0,87735.0,1724.0,FTR56 still landing (+60/wk)
2027-09-13,86060.0,87751.0,1691.0,FTR56 still landing (+60/wk)
2027-09-20,86137.0,87764.0,1627.0,FTR56 still landing (+60/wk)
2027-09-27,86221.0,87777.0,1555.0,FTR56 still landing (+60/wk)
2027-10-04,86342.0,87790.0,1448.0,FTR56 still landing (+60/wk)
2027-10-11,86469.0,87802.0,1333.0,FTR56 still landing (+60/wk)
2027-10-18,86551.0,87814.0,1263.0,FTR56 still landing (+60/wk)
2027-10-25,86615.0,87821.0,1206.0,FTR56 still landing (+60/wk)
2027-11-01,86680.0,87827.0,1147.0,FTR56 still landing (+60/wk)
2027-11-08,86737.0,87833.0,1096.0,FTR56 still landing (+60/wk)
2027-11-15,86782.0,87839.0,1057.0,FTR56 still landing (+60/wk)
2027-11-22,86842.0,87846.0,1004.0,FTR56 still landing (+60/wk)
2027-11-29,86872.0,87853.0,981.0,FTR56 still landing (+60/wk)
2027-12-06,86838.0,87860.0,1022.0,FTR56 still landing (+60/wk)
2027-12-13,86731.0,87863.0,1132.0,FTR56 still landing (+60/wk)
2027-12-20,86625.0,87862.0,1237.0,FTR56 still landing (+60/wk)
2027-12-27,86492.0,87857.0,1365.0,FTR56 still landing (+60/wk)
2028-01-03,86361.0,87847.0,1487.0,FTR56 still landing (+60/wk)
2028-01-10,86453.0,87839.0,1386.0,FTR56 still landing (+60/wk)
2028-01-17,86580.0,87835.0,1256.0,FTR56 still landing (+60/wk)
2028-01-24,86778.0,87838.0,1059.0,FTR56 still landing (+60/wk)
2028-01-31,86954.0,87846.0,892.0,FTR56 still landing (+60/wk)
2028-02-07,87115.0,87860.0,745.0,FTR56 still landing (+60/wk)
2028-02-14,87265.0,87880.0,615.0,FTR56 still landing (+60/wk)
2028-02-21,87377.0,87903.0,526.0,FTR56 still landing (+60/wk)
2028-02-28,87461.0,87930.0,468.0,FTR56 still landing (+60/wk)
2028-03-06,87532.0,87960.0,428.0,FTR56 still landing (+60/wk)
2028-03-13,87574.0,87996.0,421.0,FTR56 still landing (+60/wk)
2028-03-20,87581.0,88035.0,455.0,FTR56 still landing (+60/wk)
2028-03-27,87578.0,88080.0,502.0,FTR56 still landing (+60/wk)
2028-04-03,87561.0,88130.0,569.0,FTR56 still landing (+60/wk)
2028-04-10,87556.0,88179.0,624.0,FTR56 still landing (+60/wk)
2028-04-17,87571.0,88228.0,657.0,FTR56 still landing (+60/wk)
2028-04-24,87608.0,88273.0,665.0,FTR56 still landing (+60/wk)
2028-05-01,87670.0,88316.0,646.0,FTR56 still landing (+60/wk)
2028-05-08,87743.0,88358.0,615.0,FTR56 still landing (+60/wk)
2028-05-15,87798.0,88398.0,600.0,FTR56 still landing (+60/wk)
2028-05-22,87844.0,88437.0,593.0,FTR56 still landing (+60/wk)
2028-05-29,87891.0,88476.0,585.0,FTR56 still landing (+60/wk)
2028-06-05,87924.0,88514.0,591.0,FTR56 still landing (+60/wk)
2028-06-12,87975.0,88552.0,577.0,FTR56 still landing (+60/wk)
2026-08-24,86843.0,88937.0,2094.0,"central, tranches 25% smaller"
2026-08-31,86840.0,88959.0,2120.0,"central, tranches 25% smaller"
2026-09-07,86849.0,88981.0,2132.0,"central, tranches 25% smaller"
2026-09-14,86885.0,89010.0,2126.0,"central, tranches 25% smaller"
2026-09-21,86928.0,89044.0,2117.0,"central, tranches 25% smaller"
2026-09-28,87007.0,89083.0,2076.0,"central, tranches 25% smaller"
2026-10-05,86569.0,89098.0,2529.0,"central, tranches 25% smaller"
2026-10-12,86610.0,89097.0,2487.0,"central, tranches 25% smaller"
2026-10-19,86145.0,89069.0,2924.0,"central, tranches 25% smaller"
2026-10-26,86170.0,89033.0,2863.0,"central, tranches 25% smaller"
2026-11-02,86185.0,88983.0,2798.0,"central, tranches 25% smaller"
2026-11-09,86190.0,88935.0,2745.0,"central, tranches 25% smaller"
2026-11-16,85721.0,88872.0,3150.0,"central, tranches 25% smaller"
2026-11-23,85711.0,88806.0,3095.0,"central, tranches 25% smaller"
2026-11-30,85635.0,88740.0,3104.0,"central, tranches 25% smaller"
2026-12-07,85488.0,88670.0,3183.0,"central, tranches 25% smaller"
2026-12-14,84929.0,88585.0,3656.0,"central, tranches 25% smaller"
2026-12-21,84754.0,88492.0,3738.0,"central, tranches 25% smaller"
2026-12-28,84640.0,88395.0,3755.0,"central, tranches 25% smaller"
2027-01-04,84601.0,88312.0,3710.0,"central, tranches 25% smaller"
2027-01-11,84653.0,88231.0,3578.0,"central, tranches 25% smaller"
2027-01-18,84289.0,88157.0,3869.0,"central, tranches 25% smaller"
2027-01-25,84447.0,88090.0,3644.0,"central, tranches 25% smaller"
2027-02-01,84581.0,88033.0,3452.0,"central, tranches 25% smaller"
2027-02-08,84701.0,87985.0,3284.0,"central, tranches 25% smaller"
2027-02-15,84436.0,87944.0,3508.0,"central, tranches 25% smaller"
2027-02-22,84506.0,87908.0,3402.0,"central, tranches 25% smaller"
2027-03-01,84550.0,87878.0,3328.0,"central, tranches 25% smaller"
2027-03-08,84580.0,87853.0,3273.0,"central, tranches 25% smaller"
2027-03-15,84431.0,87840.0,3409.0,"central, tranches 25% smaller"
2027-03-22,84397.0,87831.0,3435.0,"central, tranches 25% smaller"
2027-03-29,84353.0,87825.0,3472.0,"central, tranches 25% smaller"
2027-04-05,84295.0,87818.0,3523.0,"central, tranches 25% smaller"
2027-04-12,84249.0,87799.0,3550.0,"central, tranches 25% smaller"
2027-04-19,84074.0,87787.0,3713.0,"central, tranches 25% smaller"
2027-04-26,84069.0,87760.0,3690.0,"central, tranches 25% smaller"
2027-05-03,84091.0,87731.0,3639.0,"central, tranches 25% smaller"
2027-05-10,84123.0,87700.0,3578.0,"central, tranches 25% smaller"
2027-05-17,84137.0,87680.0,3543.0,"central, tranches 25% smaller"
2027-05-24,84142.0,87648.0,3506.0,"central, tranches 25% smaller"
2027-05-31,84148.0,87617.0,3468.0,"central, tranches 25% smaller"
2027-06-07,84140.0,87584.0,3444.0,"central, tranches 25% smaller"
2027-06-14,84150.0,87554.0,3404.0,"central, tranches 25% smaller"
2027-06-21,84188.0,87516.0,3328.0,"central, tranches 25% smaller"
2027-06-28,84246.0,87480.0,3233.0,"central, tranches 25% smaller"
2027-07-05,84312.0,87446.0,3134.0,"central, tranches 25% smaller"
2027-07-12,84391.0,87417.0,3026.0,"central, tranches 25% smaller"
2027-07-19,84461.0,87399.0,2938.0,"central, tranches 25% smaller"
2027-07-26,84534.0,87376.0,2842.0,"central, tranches 25% smaller"
2027-08-02,84616.0,87360.0,2744.0,"central, tranches 25% smaller"
2027-08-09,84696.0,87350.0,2654.0,"central, tranches 25% smaller"
2027-08-16,84751.0,87345.0,2593.0,"central, tranches 25% smaller"
2027-08-23,84804.0,87336.0,2531.0,"central, tranches 25% smaller"
2027-08-30,84819.0,87329.0,2511.0,"central, tranches 25% smaller"
2027-09-06,84815.0,87325.0,2510.0,"central, tranches 25% smaller"
2027-09-13,84824.0,87321.0,2497.0,"central, tranches 25% smaller"
2027-09-20,84860.0,87315.0,2455.0,"central, tranches 25% smaller"
2027-09-27,84903.0,87308.0,2404.0,"central, tranches 25% smaller"
2027-10-04,84983.0,87300.0,2317.0,"central, tranches 25% smaller"
2027-10-11,85070.0,87291.0,2221.0,"central, tranches 25% smaller"
2027-10-18,85111.0,87281.0,2170.0,"central, tranches 25% smaller"
2027-10-25,85133.0,87266.0,2132.0,"central, tranches 25% smaller"
2027-11-01,85158.0,87249.0,2091.0,"central, tranches 25% smaller"
2027-11-08,85173.0,87232.0,2059.0,"central, tranches 25% smaller"
2027-11-15,85178.0,87215.0,2036.0,"central, tranches 25% smaller"
2027-11-22,85197.0,87197.0,2000.0,"central, tranches 25% smaller"
2027-11-29,85187.0,87179.0,1993.0,"central, tranches 25% smaller"
2027-12-06,85111.0,87160.0,2049.0,"central, tranches 25% smaller"
2027-12-13,84963.0,87137.0,2174.0,"central, tranches 25% smaller"
2027-12-20,84817.0,87110.0,2293.0,"central, tranches 25% smaller"
2027-12-27,84643.0,87077.0,2435.0,"central, tranches 25% smaller"
2028-01-03,84470.0,87040.0,2569.0,"central, tranches 25% smaller"
2028-01-10,84522.0,87003.0,2481.0,"central, tranches 25% smaller"
2028-01-17,84608.0,86970.0,2363.0,"central, tranches 25% smaller"
2028-01-24,84766.0,86943.0,2178.0,"central, tranches 25% smaller"
2028-01-31,84900.0,86922.0,2021.0,"central, tranches 25% smaller"
2028-02-07,85020.0,86905.0,1885.0,"central, tranches 25% smaller"
2028-02-14,85130.0,86894.0,1764.0,"central, tranches 25% smaller"
2028-02-21,85200.0,86886.0,1685.0,"central, tranches 25% smaller"
2028-02-28,85244.0,86880.0,1636.0,"central, tranches 25% smaller"
2028-03-06,85274.0,86878.0,1604.0,"central, tranches 25% smaller"
2028-03-13,85275.0,86881.0,1605.0,"central, tranches 25% smaller"
2028-03-20,85241.0,86887.0,1646.0,"central, tranches 25% smaller"
2028-03-27,85197.0,86898.0,1701.0,"central, tranches 25% smaller"
2028-04-03,85139.0,86913.0,1774.0,"central, tranches 25% smaller"
2028-04-10,85093.0,86928.0,1835.0,"central, tranches 25% smaller"
2028-04-17,85068.0,86941.0,1873.0,"central, tranches 25% smaller"
2028-04-24,85063.0,86951.0,1887.0,"central, tranches 25% smaller"
2028-05-01,85085.0,86958.0,1873.0,"central, tranches 25% smaller"
2028-05-08,85117.0,86963.0,1846.0,"central, tranches 25% smaller"
2028-05-15,85131.0,86966.0,1836.0,"central, tranches 25% smaller"
2028-05-22,85136.0,86968.0,1832.0,"central, tranches 25% smaller"
2028-05-29,85143.0,86969.0,1827.0,"central, tranches 25% smaller"
2028-06-05,85134.0,86970.0,1836.0,"central, tranches 25% smaller"
2028-06-12,85145.0,86969.0,1825.0,"central, tranches 25% smaller"
