date,pop_total,uoc_total,headroom,occ
2011-01-07,82991.0,87936.0,4945.0,94.37659206695778
2011-01-14,83305.0,87970.0,4665.0,94.69705581448221
2011-01-21,83780.0,88000.0,4220.0,95.20454545454545
2011-01-28,84145.0,88009.0,3864.0,95.6095399334159
2011-02-04,84469.0,88075.0,3606.0,95.90576213454442
2011-02-11,84785.0,88141.0,3356.0,96.19246434689872
2011-02-18,85072.0,88183.0,3111.0,96.47210913668167
2011-02-25,85206.0,88286.0,3080.0,96.51133815100923
2011-03-04,85342.0,88338.0,2996.0,96.60848106137789
2011-03-11,85381.0,88448.0,3067.0,96.53242583212734
2011-03-18,85419.0,88480.0,3061.0,96.54046112115732
2011-03-25,85454.0,87690.0,2236.0,97.45010833618429
2011-04-01,85447.0,87717.0,2270.0,97.41213219786358
2011-04-08,85361.0,87729.0,2368.0,97.30077853389415
2011-04-15,85439.0,87759.0,2320.0,97.35639649494638
2011-04-22,85166.33333333333,87753.33333333333,2587.0,97.05196383803083
2011-04-29,84893.66666666667,87747.66666666667,2854.0,96.74749186113212
2011-05-06,84621.0,87742.0,3121.0,96.44298055663194
2011-05-13,84761.0,87735.0,2974.0,96.61024676582892
2011-05-20,84928.0,87787.0,2859.0,96.74325355690478
2011-05-27,85136.0,87837.0,2701.0,96.92498605371313
2011-06-03,85106.0,87812.0,2706.0,96.91841661731881
2011-06-10,85224.0,87871.0,2647.0,96.9876295933812
2011-06-17,85345.0,87914.0,2569.0,97.07782605728326
2011-06-24,85266.0,87902.0,2636.0,97.0012058883757
2011-07-01,85376.0,87955.0,2579.0,97.06781877096242
2011-07-08,85378.0,87975.0,2597.0,97.04802500710429
2011-07-15,85467.0,88027.0,2560.0,97.09180137912232
2011-07-22,85578.0,88073.0,2495.0,97.16712272773722
2011-07-29,85543.0,88083.0,2540.0,97.11635616407253
2011-08-05,85523.0,88039.0,2516.0,97.1421756267109
2011-08-12,85931.0,88049.0,2118.0,97.59452123249554
2011-08-19,86654.0,88093.0,1439.0,98.36649904078644
2011-08-26,86821.0,88338.0,1517.0,98.2827322330141
2011-09-02,86710.0,88554.0,1844.0,97.9176547643246
2011-09-09,86842.0,88628.0,1786.0,97.98483549216952
2011-09-16,87120.0,88747.0,1627.0,98.16669859262848
2011-09-23,87214.0,88818.0,1604.0,98.19405976266073
2011-09-30,87501.0,88533.0,1032.0,98.83433296059097
2011-10-07,87673.0,88687.0,1014.0,98.85665317352036
2011-10-14,87551.0,89043.0,1492.0,98.3244050627225
2011-10-21,87652.0,89217.0,1565.0,98.24585000616474
2011-10-28,87573.0,89330.0,1757.0,98.03313556475987
2011-11-05,87749.0,89405.0,1656.0,98.1477545998546
2011-11-11,87945.0,89255.0,1310.0,98.53229510951768
2011-11-18,88115.0,89336.0,1221.0,98.6332497537387
2011-11-25,88166.0,89384.0,1218.0,98.63734001611027
2011-12-02,88179.0,89311.0,1132.0,98.73251895063318
2011-12-09,88070.0,89413.0,1343.0,98.49798127789023
2011-12-16,87960.0,89482.0,1522.0,98.29909926018641
2011-12-23,87393.0,89477.0,2084.0,97.67090984275289
2011-12-30,86778.0,89472.0,2694.0,96.98900214592274
2012-01-06,86638.0,89503.0,2865.0,96.79898997798956
2012-01-13,86896.0,89463.0,2567.0,97.13065736673262
2012-01-20,87261.0,89441.0,2180.0,97.56263905815007
2012-01-27,87668.0,89399.0,1731.0,98.06373673083591
2012-02-03,87844.0,89260.0,1416.0,98.41362312345956
2012-02-10,87694.0,89256.0,1562.0,98.24997759254279
2012-02-17,87631.0,89295.0,1664.0,98.13651380256454
2012-02-24,87583.0,89335.0,1752.0,98.03884255890749
2012-03-02,87787.0,89302.0,1515.0,98.30350943987817
2012-03-09,87654.0,89359.0,1705.0,98.09196611421345
2012-03-16,87870.0,89394.0,1524.0,98.29518759648299
2012-03-23,87760.0,89394.0,1634.0,98.17213683244961
2012-03-30,87868.0,89490.0,1622.0,98.18750698402056
2012-04-06,87650.5,89519.0,1868.5,97.91273360962477
2012-04-13,87433.0,89548.0,2115.0,97.63813820520838
2012-04-20,87165.0,89656.0,2491.0,97.22160256982244
2012-04-27,87092.0,89751.0,2659.0,97.037358915221
2012-05-04,87336.0,89843.0,2507.0,97.20957670603163
2012-05-11,87212.0,89915.0,2703.0,96.99382750375355
2012-05-18,87123.0,90006.0,2883.0,96.79688020798613
2012-05-25,86980.0,90141.0,3161.0,96.49327165218935
2012-06-01,87028.0,90291.0,3263.0,96.38612929306353
2012-06-08,86702.0,90236.0,3534.0,96.08360299658673
2012-06-15,86479.0,90275.0,3796.0,95.79507061755746
2012-06-22,86456.0,90310.0,3854.0,95.73247702358543
2012-06-29,86352.0,90106.0,3754.0,95.83379575167025
2012-07-06,86452.0,90179.0,3727.0,95.86710875037426
2012-07-13,86562.0,90246.0,3684.0,95.91782461272521
2012-07-20,86526.0,90295.0,3769.0,95.82590398139432
2012-07-27,86618.0,90350.0,3732.0,95.8693967902601
2012-08-03,86745.0,90472.0,3727.0,95.88049341232646
2012-08-10,86779.0,90574.0,3795.0,95.81005586592178
2012-08-17,86801.0,90707.0,3906.0,95.69382737826187
2012-08-24,86841.0,90812.0,3971.0,95.62722988151346
2012-08-31,86708.0,90897.0,4189.0,95.39148706778002
2012-09-07,86656.0,90914.0,4258.0,95.31645291154278
2012-09-14,86553.0,90970.0,4417.0,95.1445531493899
2012-09-21,86499.0,91020.0,4521.0,95.03295978905734
2012-09-28,86507.0,91084.0,4577.0,94.97496816125773
2012-10-05,86420.0,91054.0,4634.0,94.91071232455467
2012-10-12,86301.0,91084.0,4783.0,94.74880330244609
2012-10-19,86293.0,91074.0,4781.0,94.75042273316204
2012-10-26,86321.0,91054.0,4733.0,94.80198563489797
2012-11-02,86283.0,91054.0,4771.0,94.76025215806006
2012-11-09,86105.0,91043.0,4938.0,94.57618927320057
2012-11-16,86268.0,91063.0,4795.0,94.73441463602121
2012-11-23,86158.0,90995.0,4837.0,94.68432331446783
2012-11-30,86047.0,90855.0,4808.0,94.70805129051786
2012-12-07,85768.0,90785.0,5017.0,94.47375667786528
2012-12-14,85250.0,90727.0,5477.0,93.96320830623739
2012-12-21,84705.0,90442.0,5737.0,93.65670816655978
2012-12-28,83909.0,90442.0,6533.0,92.7765860993786
2013-01-04,83632.0,90451.0,6819.0,92.46111154105537
2013-01-11,83825.0,90519.0,6694.0,92.60486748638408
2013-01-18,83913.0,90338.0,6425.0,92.88782129336492
2013-01-25,83837.0,90105.0,6268.0,93.04367127240442
2013-02-01,83999.0,89834.0,5835.0,93.5046864216221
2013-02-08,84305.0,89588.0,5283.0,94.10300486672323
2013-02-15,84344.0,89328.0,4984.0,94.42056242163711
2013-02-22,84424.0,89013.0,4589.0,94.84457326457932
2013-03-01,84431.0,88776.0,4345.0,95.1056591871677
2013-03-08,84505.0,88513.0,4008.0,95.47185159242146
2013-03-15,84501.0,88259.0,3758.0,95.74207729523334
2013-03-22,84596.0,88004.0,3408.0,96.12744875232944
2013-03-29,84231.5,88009.0,3777.5,95.70782533604518
2013-04-05,83867.0,88014.0,4147.0,95.28824959665508
2013-04-12,83923.0,88019.0,4096.0,95.34645928719935
2013-04-19,83888.0,87986.0,4098.0,95.34244084286136
2013-04-26,84083.0,87930.0,3847.0,95.6249289207324
2013-05-03,84137.0,87988.0,3851.0,95.62326680911033
2013-05-10,83973.0,87997.0,4024.0,95.42711683352842
2013-05-17,84029.0,87929.0,3900.0,95.56460325944796
2013-05-24,84174.0,87929.0,3755.0,95.72950903569925
2013-05-31,83897.0,87935.0,4038.0,95.40797179735031
2013-06-07,83750.0,87934.0,4184.0,95.24188595992449
2013-06-14,83661.0,87914.0,4253.0,95.1623177195896
2013-06-21,83706.0,87872.0,4166.0,95.25901310997816
2013-06-28,83796.0,87822.0,4026.0,95.41572726651636
2013-07-05,83902.0,87802.0,3900.0,95.55818774059816
2013-07-12,84091.0,87764.0,3673.0,95.81491272047765
2013-07-19,84006.0,87784.0,3778.0,95.69625444272305
2013-07-26,84052.0,87798.0,3746.0,95.73338800428256
2013-08-02,84022.0,87780.0,3758.0,95.71884256094782
2013-08-09,84285.0,87768.0,3483.0,96.03158326497129
2013-08-16,84345.0,87794.0,3449.0,96.07148552292867
2013-08-23,84232.0,87809.0,3577.0,95.92638567800567
2013-08-30,84066.0,87784.0,3718.0,95.7646040280689
2013-09-06,84135.0,87780.0,3645.0,95.84757347915243
2013-09-13,84231.0,87805.0,3574.0,95.92961676442116
2013-09-20,84197.0,87834.0,3637.0,95.85923446501354
2013-09-27,84430.0,87788.0,3358.0,96.17487583724427
2013-10-04,84627.0,86305.0,1678.0,98.05573257632814
2013-10-11,84832.0,86058.0,1226.0,98.57537939529155
2013-10-18,84987.0,85828.0,841.0,99.02013328983548
2013-10-25,85235.0,86046.0,811.0,99.05748088231876
2013-11-01,85241.0,86002.0,761.0,99.1151368572824
2013-11-08,85337.0,85995.0,658.0,99.23483923483923
2013-11-15,85340.0,86060.0,720.0,99.1633743899605
2013-11-22,85363.0,86272.0,909.0,98.94635571216617
2013-11-29,85382.0,86368.0,986.0,98.85837347165617
2013-12-06,85429.0,85938.0,509.0,99.40771253694524
2013-12-13,85255.0,85933.0,678.0,99.2110132312383
2013-12-20,85021.0,85901.0,880.0,98.97556489447155
2013-12-27,84392.0,85953.0,1561.0,98.1838911963515
2014-01-03,83962.0,85953.0,1991.0,97.68361779111841
2014-01-10,84258.0,85918.0,1660.0,98.06792523103424
2014-01-17,84523.0,85822.0,1299.0,98.4864020880427
2014-01-24,84633.0,85866.0,1233.0,98.56404164628607
2014-01-31,84977.0,85657.0,680.0,99.2061361009608
2014-02-07,85235.0,85609.0,374.0,99.56313004473829
2014-02-14,85335.0,85806.0,471.0,99.45108733654989
2014-02-21,85389.0,85889.0,500.0,99.41785327573962
2014-02-28,85469.0,85910.0,441.0,99.48667209870796
2014-03-07,85535.0,85800.0,265.0,99.69114219114219
2014-03-14,85513.0,85852.0,339.0,99.60513441736943
2014-03-21,85338.0,85906.0,568.0,99.33881219006821
2014-03-28,85252.0,85972.0,720.0,99.16251802912576
2014-04-04,85285.0,86059.0,774.0,99.10061701855703
2014-04-11,85264.0,86127.0,863.0,98.9979913383724
2014-04-18,84980.5,86195.0,1214.5,98.59098555600673
2014-04-25,84697.0,86263.0,1566.0,98.18462144836141
2014-05-02,84692.0,86296.0,1604.0,98.14128117178085
2014-05-09,84578.0,86320.0,1742.0,97.98192771084338
2014-05-16,84918.0,86333.0,1415.0,98.36099753280901
2014-05-23,85158.0,86267.0,1109.0,98.71445628108083
2014-05-30,85105.0,86294.0,1189.0,98.62215217743992
2014-06-06,85228.0,86375.0,1147.0,98.67206946454414
2014-06-13,85410.0,86431.0,1021.0,98.81871087919843
2014-06-20,85414.0,86428.0,1014.0,98.82676910260564
2014-06-27,85582.0,86489.0,907.0,98.95131172750293
2014-07-04,85428.0,86647.0,1219.0,98.59314228998119
2014-07-11,85487.0,86687.0,1200.0,98.6157093912582
2014-07-18,85661.0,86737.0,1076.0,98.75946827766697
2014-07-25,85730.0,86778.0,1048.0,98.79232063426214
2014-08-01,85696.0,87011.0,1315.0,98.4886968314351
2014-08-08,85795.0,87227.0,1432.0,98.3583064876701
2014-08-15,85834.0,87362.0,1528.0,98.2509557931366
2014-08-22,85674.0,87521.0,1847.0,97.88964934130094
2014-08-29,85401.0,87688.0,2287.0,97.39188942614724
2014-09-05,85385.0,87729.0,2344.0,97.3281355082128
2014-09-12,85413.0,87719.0,2306.0,97.37115106191361
2014-09-19,85493.0,87723.0,2230.0,97.45790727631294
2014-09-26,85634.0,87771.0,2137.0,97.5652550386802
2014-10-03,85705.0,87820.0,2115.0,97.59166476884536
2014-10-10,85625.0,87879.0,2254.0,97.43510963939053
2014-10-17,85541.0,87965.0,2424.0,97.24435855169669
2014-10-24,85720.0,87984.0,2264.0,97.42680487361338
2014-10-31,85786.0,88004.0,2218.0,97.47966001545385
2014-11-07,85903.0,87982.0,2079.0,97.63701666249915
2014-11-14,85864.0,88027.0,2163.0,97.54279936837561
2014-11-21,85925.0,88015.0,2090.0,97.62540476055217
2014-11-28,85902.0,88003.0,2101.0,97.61258138927082
2014-12-05,85912.0,88082.0,2170.0,97.53638654889762
2014-12-12,85755.0,88061.0,2306.0,97.38136064773282
2014-12-19,85406.0,88116.0,2710.0,96.92450860229697
2014-12-26,85017.0,88116.0,3099.0,96.48304507694402
2015-01-02,84628.0,88116.0,3488.0,96.04158155159108
2015-01-09,84731.0,88184.0,3453.0,96.08432368683661
2015-01-16,84802.0,88198.0,3396.0,96.14957255266559
2015-01-23,84865.0,88218.0,3353.0,96.19918837425469
2015-01-30,85083.0,88286.0,3203.0,96.3720182135333
2015-02-06,85280.0,88347.0,3067.0,96.52846163423771
2015-02-13,85453.0,88419.0,2966.0,96.64551736617695
2015-02-20,85567.0,88385.0,2818.0,96.81167618939865
2015-02-27,85544.0,88205.0,2661.0,96.98316421971543
2015-03-06,85564.0,88242.0,2678.0,96.96516398087078
2015-03-13,85567.0,87831.0,2264.0,97.42232241463721
2015-03-20,85576.0,87631.0,2055.0,97.65493946206252
2015-03-27,85681.0,87720.0,2039.0,97.67555859553124
2015-04-03,85514.5,87811.0,2296.5,97.38472400952045
2015-04-10,85348.0,87902.0,2554.0,97.09449159291029
2015-04-17,85432.0,88038.0,2606.0,97.03991458233945
2015-04-24,85591.0,87929.0,2338.0,97.34103651809983
2015-05-01,85704.0,88030.0,2326.0,97.35771895944565
2015-05-08,85590.0,88053.0,2463.0,97.20282102824436
2015-05-15,85684.0,88053.0,2369.0,97.30957491510794
2015-05-22,85744.0,88038.0,2294.0,97.39430700379381
2015-05-29,85669.0,88047.0,2378.0,97.2991697616046
2015-06-05,85763.0,88116.0,2353.0,97.32965636206818
2015-06-12,85818.0,88096.0,2278.0,97.41418452597166
2015-06-19,85743.0,87974.0,2231.0,97.46402346147725
2015-06-26,86028.0,87968.0,1940.0,97.7946526009458
2015-07-03,86164.0,87961.0,1797.0,97.95704914678096
2015-07-10,86255.0,87983.0,1728.0,98.03598422422513
2015-07-17,86300.0,87995.0,1695.0,98.07375419057901
2015-07-24,86172.0,88162.0,1990.0,97.74279167895465
2015-07-31,86179.0,88180.0,2001.0,97.73077795418462
2015-08-07,86036.0,88231.0,2195.0,97.5122122609967
2015-08-14,85951.0,88242.0,2291.0,97.40373064980395
2015-08-21,85956.0,88274.0,2318.0,97.37408523461042
2015-08-28,86019.0,88267.0,2248.0,97.45318182333148
2015-09-04,85741.0,88321.0,2580.0,97.07883742258353
2015-09-11,85699.0,88288.0,2589.0,97.06755164914824
2015-09-18,85816.0,88289.0,2473.0,97.1989715593109
2015-09-25,85892.0,88209.0,2317.0,97.37328390527044
2015-10-02,85973.0,88075.0,2102.0,97.61339767243827
2015-10-09,86145.0,88039.0,1894.0,97.84868069832687
2015-10-16,86090.0,88100.0,2010.0,97.71850170261067
2015-10-23,86107.0,88195.0,2088.0,97.63251885027496
2015-10-30,85843.0,88176.0,2333.0,97.35415532571221
2015-11-06,85884.0,87762.0,1878.0,97.86012169275996
2015-11-13,85993.0,87729.0,1736.0,98.02117885761835
2015-11-20,85977.0,87730.0,1753.0,98.00182377749914
2015-11-27,85982.0,87759.0,1777.0,97.97513645324126
2015-12-04,85895.0,87757.0,1862.0,97.87823193591394
2015-12-11,85847.0,87766.0,1919.0,97.81350409042226
2015-12-18,85641.0,87765.0,2124.0,97.57990087164588
2015-12-25,85410.66666666667,87775.66666666667,2365.0,97.30563140126156
2016-01-01,85180.33333333333,87786.33333333333,2606.0,97.03142858227741
2016-01-08,84950.0,87797.0,2847.0,96.75729239040058
2016-01-15,85242.0,87855.0,2613.0,97.0257811166126
2016-01-22,85260.0,87888.0,2628.0,97.00983069361006
2016-01-29,85461.0,87969.0,2508.0,97.14899566892883
2016-02-05,85634.0,88043.0,2409.0,97.26383698874413
2016-02-12,85679.0,88042.0,2363.0,97.3160537016424
2016-02-19,85636.0,88014.0,2378.0,97.29815711136865
2016-02-26,85753.0,88001.0,2248.0,97.4454835740503
2016-03-04,85834.0,88007.0,2173.0,97.53087822559569
2016-03-11,85948.0,88027.0,2079.0,97.63822463562316
2016-03-18,85930.0,87996.0,2066.0,97.6521660075458
2016-03-25,85646.5,87992.5,2346.0,97.33386368156377
2016-04-01,85363.0,87989.0,2626.0,97.0155360329132
2016-04-08,85398.0,88043.0,2645.0,96.99578614994945
2016-04-15,85457.0,87676.0,2219.0,97.46909074319083
2016-04-22,85597.0,87674.0,2077.0,97.63099664666834
2016-04-29,85540.0,87701.0,2161.0,97.53594599833525
2016-05-06,85381.0,87649.0,2268.0,97.41240630241076
2016-05-13,85345.0,87682.0,2337.0,97.33468670878858
2016-05-20,85335.0,87556.0,2221.0,97.46333774955457
2016-05-27,85422.0,87595.0,2173.0,97.51926479821908
2016-06-03,85291.0,87299.0,2008.0,97.69985910491529
2016-06-10,85300.0,87244.0,1944.0,97.77176653981935
2016-06-17,85185.0,87178.0,1993.0,97.71387276606484
2016-06-24,85130.0,87170.0,2040.0,97.65974532522657
2016-07-01,85128.0,87210.0,2082.0,97.6126590987272
2016-07-08,85058.0,87214.0,2156.0,97.52791982938518
2016-07-15,85090.0,87166.0,2076.0,97.61833742514283
2016-07-22,85152.0,87126.0,1974.0,97.7343158184698
2016-07-29,85112.0,87121.0,2009.0,97.69401177672432
2016-08-05,85134.0,87081.0,1947.0,97.76415061838978
2016-08-12,85188.0,87013.0,1825.0,97.90261225334146
2016-08-19,85023.0,87001.0,1978.0,97.72646291421938
2016-08-26,85119.0,87019.0,1900.0,97.81656879532056
2016-09-02,84914.0,87027.0,2113.0,97.57201787950866
2016-09-09,84967.0,87067.0,2100.0,97.58806436422525
2016-09-16,85082.0,87095.0,2013.0,97.68873069636604
2016-09-23,85321.0,87029.0,1708.0,98.03743579726299
2016-09-30,85639.0,86968.0,1329.0,98.47185171557355
2016-10-07,85754.0,86975.0,1221.0,98.59614831848232
2016-10-14,85860.0,87064.0,1204.0,98.61710925296333
2016-10-21,85898.0,87128.0,1230.0,98.58828390414104
2016-10-28,85998.0,87118.0,1120.0,98.71438738263045
2016-11-04,85981.0,87058.0,1077.0,98.76289370304855
2016-11-11,85975.0,86923.0,948.0,98.90937956582262
2016-11-18,86033.0,86984.0,951.0,98.90669548422699
2016-11-25,85897.0,86975.0,1078.0,98.7605633802817
2016-12-02,85839.0,86885.0,1046.0,98.79610980031076
2016-12-09,85722.0,86810.0,1088.0,98.74668816956572
2016-12-16,85583.0,86834.0,1251.0,98.55932008199554
2016-12-23,85220.0,86561.0,1341.0,98.45080347962708
2016-12-30,84857.0,86288.0,1431.0,98.34160022251066
2017-01-06,84737.0,86338.0,1601.0,98.14566008015011
2017-01-13,84874.0,86474.0,1600.0,98.14973286768277
2017-01-20,85048.0,86516.0,1468.0,98.3032040316242
2017-01-27,85188.0,86595.0,1407.0,98.37519487268318
2017-02-03,85245.0,86650.0,1405.0,98.37853433352568
2017-02-10,85523.0,86696.0,1173.0,98.64699640121805
2017-02-17,85519.0,86720.0,1201.0,98.61508302583026
2017-02-24,85442.0,86758.0,1316.0,98.48313700177505
2017-03-03,85442.0,86749.0,1307.0,98.49335439025234
2017-03-10,85476.0,86733.0,1257.0,98.55072463768116
2017-03-17,85501.0,86585.0,1084.0,98.74805104810302
2017-03-24,85528.0,86515.0,987.0,98.85915737155406
2017-03-31,85513.0,86515.0,1002.0,98.84181933768711
2017-04-07,85517.0,86554.0,1037.0,98.80190401367932
2017-04-14,85397.0,86610.5,1213.5,98.59889967151788
2017-04-21,85277.0,86667.0,1390.0,98.39616001476918
2017-04-28,85211.0,86735.0,1524.0,98.24292384850406
2017-05-05,85129.0,86724.0,1595.0,98.16083206494166
2017-05-12,85193.0,86767.0,1574.0,98.18594626989524
2017-05-19,85316.0,86785.0,1469.0,98.30731117128536
2017-05-26,85356.0,86741.0,1385.0,98.40329256061148
2017-06-02,85293.0,86731.0,1438.0,98.3419999769402
2017-06-09,85367.0,86730.0,1363.0,98.428456128214
2017-06-16,85426.0,86733.0,1307.0,98.4930764530225
2017-06-23,85636.0,86763.0,1127.0,98.70105920726577
2017-06-30,85863.0,86849.0,986.0,98.8646961968474
2017-07-07,86072.0,86906.0,834.0,99.04034243895704
2017-07-14,85994.0,86998.0,1004.0,98.84595048162026
2017-07-21,86168.0,87138.0,970.0,98.88682319998163
2017-07-28,86230.0,87053.0,823.0,99.05459892249549
2017-08-04,86353.0,87097.0,744.0,99.14577999242225
2017-08-11,86368.0,87119.0,751.0,99.13796072039395
2017-08-18,86388.0,87201.0,813.0,99.06767124230227
2017-08-25,86413.0,87209.0,796.0,99.08725016913392
2017-09-01,86294.0,87187.0,893.0,98.97576473556838
2017-09-08,86235.0,87228.0,993.0,98.86160407208695
2017-09-15,86252.0,87319.0,1067.0,98.77804372473345
2017-09-22,86220.0,87387.0,1167.0,98.66456109032237
2017-09-29,86256.0,87459.0,1203.0,98.62449833636333
2017-10-06,86260.0,87471.0,1211.0,98.6155411507814
2017-10-13,86337.0,87358.0,1021.0,98.83124613658738
2017-10-20,86362.0,87452.0,1090.0,98.75360197594108
2017-10-27,86327.0,87532.0,1205.0,98.62336059955216
2017-11-03,86185.0,87469.0,1284.0,98.53205135533732
2017-11-10,86163.0,87330.0,1167.0,98.66368945379595
2017-11-17,86185.0,87332.0,1147.0,98.68662116978885
2017-11-24,86129.0,87370.0,1241.0,98.57960398306055
2017-12-01,86075.0,87411.0,1336.0,98.47158824404251
2017-12-08,85948.0,87329.0,1381.0,98.41862382484626
2017-12-15,85577.0,87198.0,1621.0,98.14101240854149
2017-12-22,85267.0,87092.0,1825.0,97.90451476599458
2017-12-29,84746.0,87072.0,2326.0,97.32864755604557
2018-01-05,84550.0,86955.0,2405.0,97.23420159852797
2018-01-12,84646.0,86912.0,2266.0,97.39276509572902
2018-01-19,84574.0,86877.0,2303.0,97.34912577552171
2018-01-26,84537.0,86749.0,2212.0,97.45011469872851
2018-02-02,84511.0,86762.0,2251.0,97.40554620686476
2018-02-09,84474.0,86760.0,2286.0,97.36514522821577
2018-02-16,84255.0,86771.0,2516.0,97.10041373269871
2018-02-23,84235.0,86788.0,2553.0,97.05834908051804
2018-03-02,84178.0,86648.0,2470.0,97.14938602160466
2018-03-09,83899.0,86652.0,2753.0,96.82292387942574
2018-03-16,83921.0,86621.0,2700.0,96.88297295113195
2018-03-23,83875.0,86515.0,2640.0,96.94850603941514
2018-03-30,83746.0,86500.0,2754.0,96.81618497109827
2018-04-06,83617.0,86485.0,2868.0,96.68381800312193
2018-04-13,83568.0,86498.0,2930.0,96.61263844250735
2018-04-20,83620.0,86513.0,2893.0,96.655993896871
2018-04-27,83673.0,86521.0,2848.0,96.70831358860855
2018-05-04,83705.0,86542.0,2837.0,96.72182292990686
2018-05-11,83534.0,86542.0,3008.0,96.52423100922096
2018-05-18,83564.0,86512.0,2948.0,96.5923802478269
2018-05-25,83430.0,86555.0,3125.0,96.38957888048061
2018-06-01,83254.0,86549.0,3295.0,96.19290806364025
2018-06-08,83154.0,86510.0,3356.0,96.12067969020923
2018-06-15,83064.0,86524.0,3460.0,96.00110951874625
2018-06-22,82989.0,86533.0,3544.0,95.90445263656639
2018-06-29,82961.0,86491.0,3530.0,95.91865049542727
2018-07-06,82901.0,86514.0,3613.0,95.82379730448251
2018-07-13,82822.0,86542.0,3720.0,95.70150909385039
2018-07-20,82956.0,86524.0,3568.0,95.87628865979381
2018-07-27,82967.0,86318.0,3351.0,96.11784332352464
2018-08-03,83017.0,86012.0,2995.0,96.51792773101428
2018-08-10,83110.0,85968.0,2858.0,96.67550716545692
2018-08-17,83165.0,85976.0,2811.0,96.73048292546757
2018-08-24,83064.0,85854.0,2790.0,96.75029701586413
2018-08-31,83052.0,85743.0,2691.0,96.86155138028761
2018-09-07,83123.0,85617.0,2494.0,97.08702710910217
2018-09-14,83137.0,85616.0,2479.0,97.10451317510746
2018-09-21,83157.0,85606.0,2449.0,97.13921921360652
2018-09-28,83014.0,85453.0,2439.0,97.14579944530912
2018-10-05,83186.0,85407.0,2221.0,97.39951057875818
2018-10-12,83232.0,85464.0,2232.0,97.38837405223252
2018-10-19,83364.0,85488.0,2124.0,97.51544076361594
2018-10-26,83309.0,85564.0,2255.0,97.36454583703427
2018-11-02,83169.0,85336.0,2167.0,97.4606262304303
2018-11-09,83190.0,85351.0,2161.0,97.46810230694426
2018-11-16,83163.0,85253.0,2090.0,97.54847336750613
2018-11-23,83159.0,85263.0,2104.0,97.53234110927366
2018-11-30,83146.0,85262.0,2116.0,97.5182379019962
2018-12-07,83068.0,85236.0,2168.0,97.45647379041719
2018-12-14,82964.0,85196.0,2232.0,97.38015869289639
2018-12-21,82764.0,85200.0,2436.0,97.14084507042253
2018-12-28,82384.0,85200.0,2816.0,96.69483568075117
2019-01-04,82202.0,85130.0,2928.0,96.5605544461412
2019-01-11,82321.0,85121.0,2800.0,96.71056496046803
2019-01-18,82460.0,85122.0,2662.0,96.87272385517258
2019-01-25,82472.0,85079.0,2607.0,96.93578909013975
2019-02-01,82507.0,85000.0,2493.0,97.06705882352941
2019-02-08,82549.0,84955.0,2406.0,97.1679124242246
2019-02-15,82567.0,84999.0,2432.0,97.13878986811609
2019-02-22,82525.0,85007.0,2482.0,97.0802404507864
2019-03-01,82543.0,85023.0,2480.0,97.08314220857885
2019-03-08,82477.0,84979.0,2502.0,97.05574318361006
2019-03-15,82486.0,84959.0,2473.0,97.08918419472923
2019-03-22,82521.0,84951.0,2430.0,97.1395274923191
2019-03-29,82643.0,84865.0,2222.0,97.38172391445237
2019-04-05,82706.0,84808.0,2102.0,97.52146023960003
2019-04-12,82769.0,84756.0,1987.0,97.65562320071736
2019-04-19,82653.5,84756.0,2102.5,97.51934966256076
2019-04-26,82538.0,84756.0,2218.0,97.38307612440417
2019-05-03,82649.0,84737.0,2088.0,97.53590521259898
2019-05-10,82599.0,84737.0,2138.0,97.47689911136811
2019-05-17,82560.0,84784.0,2224.0,97.3768635591621
2019-05-24,82707.0,84711.0,2004.0,97.63430959379538
2019-05-31,82617.0,84760.0,2143.0,97.47168475696083
2019-06-07,82608.0,84824.0,2216.0,97.38753183061398
2019-06-14,82700.0,84942.0,2242.0,97.36055190600645
2019-06-21,82683.0,85016.0,2333.0,97.25581067093253
2019-06-28,82676.0,85056.0,2380.0,97.20184349134688
2019-07-05,82819.0,85059.0,2240.0,97.366533817703
2019-07-12,82962.0,85091.0,2129.0,97.49797275857611
2019-07-19,82894.0,85111.0,2217.0,97.39516631222756
2019-07-26,83042.0,85131.0,2089.0,97.54613478051473
2019-08-02,83007.0,85117.0,2110.0,97.52105924785883
2019-08-09,83119.0,85165.0,2046.0,97.59760464979745
2019-08-16,83136.0,85164.0,2028.0,97.61871213188671
2019-08-23,83116.0,84981.0,1865.0,97.80539179345972
2019-08-30,83175.0,85064.0,1889.0,97.77931910091226
2019-09-06,83327.0,85069.0,1742.0,97.95225052604357
2019-09-13,83433.0,85082.0,1649.0,98.0618697256764
2019-09-20,83596.0,85088.0,1492.0,98.2465212485897
2019-09-27,83766.0,84916.0,1150.0,98.64572047670639
2019-10-04,83801.0,84973.0,1172.0,98.62073835218246
2019-10-11,83772.0,85040.0,1268.0,98.50893697083725
2019-10-18,83787.0,85042.0,1255.0,98.52425860163214
2019-10-25,83795.0,85053.0,1258.0,98.52092224848036
2019-11-01,83665.0,85151.0,1486.0,98.25486488708295
2019-11-08,83617.0,85166.0,1549.0,98.18119907005143
2019-11-15,83599.0,85256.0,1657.0,98.05644177535892
2019-11-22,83482.0,85347.0,1865.0,97.81480309794135
2019-11-29,83516.0,85267.0,1751.0,97.94645056117841
2019-12-06,83484.0,85193.0,1709.0,97.99396664045167
2019-12-13,83376.0,85187.0,1811.0,97.87408876941318
2019-12-20,83353.0,85222.0,1869.0,97.80690432048063
2019-12-27,83023.0,85222.0,2199.0,97.4196803642252
2020-01-03,82784.0,85188.0,2404.0,97.178006291966
2020-01-10,82954.0,84974.0,2020.0,97.62280226892932
2020-01-17,83167.0,84988.0,1821.0,97.85734456629172
2020-01-24,83201.0,85004.0,1803.0,97.87892334478377
2020-01-31,83329.0,85049.0,1720.0,97.9776364213571
2020-02-07,83497.0,84940.0,1443.0,98.30115375559218
2020-02-14,83626.0,84937.0,1311.0,98.45650305520563
2020-02-21,83695.0,84956.0,1261.0,98.51570224586845
2020-02-28,83868.0,85037.0,1169.0,98.62530427931371
2020-03-06,83957.0,85280.0,1323.0,98.44863977485929
2020-03-13,83917.0,85409.0,1492.0,98.25311149878819
2020-03-20,83709.0,85487.0,1778.0,97.92015160199796
2020-03-27,83189.0,85583.0,2394.0,97.20271549256277
2020-04-03,82589.0,85596.0,3007.0,96.48698537314827
2020-04-10,82021.5,85571.0,3549.5,95.85198256418647
2020-04-17,81454.0,85546.0,4092.0,95.21660860823417
2020-04-24,81124.0,85505.0,4381.0,94.8763230220455
2020-05-01,80827.0,83872.0,3045.0,96.3694677603968
2020-05-08,80624.5,83063.0,2438.5,97.0642765130082
2020-05-15,80422.0,82254.0,1832.0,97.77275269287816
2020-05-22,80180.0,82087.0,1907.0,97.67685504403865
2020-05-29,80032.0,81887.0,1855.0,97.7346831609413
2020-06-05,79878.0,81766.0,1888.0,97.69097179756866
2020-06-12,79713.0,81790.0,2077.0,97.4605697518034
2020-06-19,79605.0,81749.0,2144.0,97.37733794908806
2020-06-26,79453.0,81749.0,2296.0,97.19140295294132
2020-07-03,79522.0,81735.0,2213.0,97.29246956628127
2020-07-10,79537.0,81745.0,2208.0,97.29891736497645
2020-07-17,79557.0,81737.0,2180.0,97.33290920880384
2020-07-24,79620.0,81762.0,2142.0,97.38020107140237
2020-07-31,79643.0,81755.0,2112.0,97.41667176319491
2020-08-07,79564.0,81701.0,2137.0,97.38436494045361
2020-08-14,79531.0,81664.0,2133.0,97.38807797805643
2020-08-21,79493.0,81663.0,2170.0,97.34273783720901
2020-08-28,79433.0,81643.0,2210.0,97.29309310044952
2020-09-04,79285.0,81588.0,2303.0,97.17728097269206
2020-09-11,79263.0,81537.0,2274.0,97.2110820854336
2020-09-18,79185.0,81511.0,2326.0,97.1463974187533
2020-09-25,79263.0,81536.0,2273.0,97.21227433281005
2020-10-02,79245.0,81587.0,2342.0,97.129444641916
2020-10-09,79187.0,81556.0,2369.0,97.09524743734366
2020-10-16,79175.0,81566.0,2391.0,97.06863153765049
2020-10-23,79164.0,81527.0,2363.0,97.10157371177647
2020-10-30,79083.0,81541.0,2458.0,96.9855655437142
2020-11-06,78988.0,81531.0,2543.0,96.88094099177
2020-11-13,78977.0,81494.0,2517.0,96.91142906226226
2020-11-20,78838.0,81377.0,2539.0,96.87995379529842
2020-11-27,78832.0,81351.0,2519.0,96.9035414438667
2020-12-04,78878.0,81246.0,2368.0,97.08539497329099
2020-12-11,78722.0,81276.0,2554.0,96.85762094591269
2020-12-18,78700.0,81215.0,2515.0,96.90328141353199
2020-12-25,78476.33333333333,81189.33333333333,2713.0,96.65842803652369
2021-01-01,78252.66666666667,81163.66666666667,2911.0,96.413419797857
2021-01-08,78029.0,81138.0,3109.0,96.16825655056817
2021-01-15,78032.0,81115.0,3083.0,96.19922332490908
2021-01-22,78030.0,81070.0,3040.0,96.25015418773899
2021-01-29,78065.0,81072.0,3007.0,96.29095125320703
2021-02-05,78114.0,81063.0,2949.0,96.36208874579032
2021-02-12,78118.0,81058.0,2940.0,96.37296750474968
2021-02-19,77992.0,81058.0,3066.0,96.21752325495325
2021-02-26,78015.0,81043.0,3028.0,96.26371185666868
2021-03-05,78037.0,81021.0,2984.0,96.31700423347033
2021-03-12,78044.0,80971.0,2927.0,96.38512553877314
2021-03-19,78081.0,80971.0,2890.0,96.43082091119042
2021-03-26,78081.0,80869.0,2788.0,96.55244902249316
2021-04-02,77904.0,80873.0,2969.0,96.32881184078741
2021-04-09,77727.0,80877.0,3150.0,96.10519678029601
2021-04-16,77761.0,80881.0,3120.0,96.1424809287719
2021-04-23,77738.0,80870.0,3132.0,96.12711759614196
2021-04-30,77859.0,80817.0,2958.0,96.33987898585694
2021-05-07,77773.0,80739.0,2966.0,96.32643456074511
2021-05-14,77916.0,80656.0,2740.0,96.60285657607618
2021-05-21,78049.0,80689.0,2640.0,96.72817856213362
2021-05-28,78104.0,80665.0,2561.0,96.82514101531024
2021-06-04,78006.0,80646.0,2640.0,96.72643404508594
2021-06-11,78132.0,80638.0,2506.0,96.8922840348223
2021-06-18,78172.0,81100.0,2928.0,96.38964241676942
2021-06-25,78250.0,81154.0,2904.0,96.42161815806985
2021-07-02,78362.0,81109.0,2747.0,96.61319952163139
2021-07-09,78489.0,81138.0,2649.0,96.7351918952895
2021-07-16,78445.0,81165.0,2720.0,96.64880182344606
2021-07-23,78353.0,81142.0,2789.0,96.5628158043923
2021-07-30,78488.0,80653.0,2165.0,97.31566091775879
2021-08-06,78616.0,80568.0,1952.0,97.57720186674611
2021-08-13,78793.0,80590.0,1797.0,97.77019481325226
2021-08-20,78832.0,80641.0,1809.0,97.75672424697115
2021-08-27,78750.0,80641.0,1891.0,97.6550390000124
2021-09-03,78711.0,80709.0,1998.0,97.52443965357024
2021-09-10,78743.0,80760.0,2017.0,97.50247647350173
2021-09-17,78768.0,80748.0,1980.0,97.54792688363798
2021-09-24,78830.0,80778.0,1948.0,97.58845230136919
2021-10-01,78789.0,80855.0,2066.0,97.44480860800198
2021-10-08,78930.0,80933.0,2003.0,97.5251133653763
2021-10-15,79033.0,80877.0,1844.0,97.71999455963994
2021-10-22,79221.0,80868.0,1647.0,97.96334767769699
2021-10-29,79380.0,80852.0,1472.0,98.17938950180577
2021-11-05,79284.0,80897.0,1613.0,98.00610653052647
2021-11-12,79401.0,80886.0,1485.0,98.16408278317633
2021-11-19,79580.0,80912.0,1332.0,98.35376705556654
2021-11-26,79685.0,80880.0,1195.0,98.5225024727992
2021-12-03,79643.0,81128.0,1485.0,98.16955921506755
2021-12-10,79545.0,81204.0,1659.0,97.95699719225654
2021-12-17,79446.0,81224.0,1778.0,97.81099182507633
2021-12-24,79249.0,81195.0,1946.0,97.60330069585565
2021-12-31,79092.0,81195.0,2103.0,97.4099390356549
2022-01-07,79086.0,81291.0,2205.0,97.2875226039783
2022-01-14,79193.0,81216.0,2023.0,97.50911150512215
2022-01-21,79303.0,81181.0,1878.0,97.68665081730947
2022-01-28,79412.0,81292.0,1880.0,97.68734930866506
2022-02-04,79623.0,81374.0,1751.0,97.84820704401898
2022-02-11,79765.0,81368.0,1603.0,98.02993805918788
2022-02-18,79721.0,81451.0,1730.0,97.87602362156389
2022-02-25,79724.0,81537.0,1813.0,97.77646957822829
2022-03-04,79715.0,81538.0,1823.0,97.76423262773186
2022-03-11,79679.0,81635.0,1956.0,97.60396888589453
2022-03-18,79808.0,81680.0,1872.0,97.70812928501469
2022-03-25,79744.0,81752.0,2008.0,97.54379097759076
2022-04-01,79790.0,82092.0,2302.0,97.1958290698241
2022-04-08,79742.0,82204.0,2462.0,97.00501192156099
2022-04-15,79655.5,82258.5,2603.0,96.83558538023426
2022-04-22,79569.0,82313.0,2744.0,96.66638319584999
2022-04-29,79729.0,82326.0,2597.0,96.84546801739427
2022-05-06,79746.0,82344.0,2598.0,96.84494316525794
2022-05-13,79927.0,82386.0,2459.0,97.01526958463816
2022-05-20,80030.0,82447.0,2417.0,97.06841971205745
2022-05-27,80185.0,82505.0,2320.0,97.18804920913884
2022-06-03,80150.0,82590.5,2440.5,97.04505966182552
2022-06-10,80115.0,82676.0,2561.0,96.90236586191881
2022-06-17,80360.0,82685.0,2325.0,97.1881236016206
2022-06-24,80476.0,82759.0,2283.0,97.24138764363997
2022-07-01,80726.0,82967.0,2241.0,97.29892607904347
2022-07-08,80769.0,82960.0,2191.0,97.3589681774349
2022-07-15,80819.0,82838.0,2019.0,97.56271276467322
2022-07-22,80784.0,82831.0,2047.0,97.5287030218155
2022-07-29,80984.0,82899.0,1915.0,97.68996007189472
2022-08-05,81051.0,82943.0,1892.0,97.71891539973235
2022-08-12,81070.0,83004.0,1934.0,97.66999180762373
2022-08-19,81207.0,82999.0,1792.0,97.84093784262461
2022-08-26,81274.0,83017.0,1743.0,97.90043003240301
2022-09-02,81245.0,83381.0,2136.0,97.4382653122414
2022-09-09,81405.0,83482.0,2077.0,97.51203852327448
2022-09-16,81462.0,83551.0,2089.0,97.49973070340272
2022-09-23,81348.0,83682.0,2334.0,97.21086972108698
2022-09-30,81309.0,83723.0,2414.0,97.11668239312972
2022-10-07,81423.0,83684.0,2261.0,97.29816930357057
2022-10-14,81636.0,83738.0,2102.0,97.48978958179083
2022-10-21,81866.0,83695.0,1829.0,97.81468427026704
2022-10-28,82063.0,83687.0,1624.0,98.05943575465723
2022-11-04,82161.0,83689.0,1528.0,98.17419254621277
2022-11-11,82379.0,83807.0,1428.0,98.29608505256124
2022-11-18,82691.0,83918.0,1227.0,98.53785838556686
2022-11-25,82839.0,84035.0,1196.0,98.57678348307253
2022-12-02,82896.0,84148.0,1252.0,98.51214526786138
2022-12-09,82832.0,84211.0,1379.0,98.36244671123725
2022-12-16,82668.0,84332.0,1664.0,98.0268462742494
2022-12-23,82452.0,84385.0,1933.0,97.70930852639687
2022-12-30,82176.0,84385.0,2209.0,97.38223617941577
2023-01-06,82212.0,84431.0,2219.0,97.37181840793073
2023-01-13,82358.0,84430.0,2072.0,97.54589600852778
2023-01-20,82538.0,84478.0,1940.0,97.70354411799522
2023-01-27,82792.0,84548.0,1756.0,97.92307328381511
2023-02-03,83188.0,84607.0,1419.0,98.32283380807735
2023-02-10,83469.0,84733.0,1264.0,98.50825534325469
2023-02-17,83687.0,84844.0,1157.0,98.63632077695536
2023-02-24,83844.0,85063.0,1219.0,98.56694449995885
2023-03-03,83990.0,85132.0,1142.0,98.65855377531364
2023-03-10,84137.0,85215.0,1078.0,98.73496450155488
2023-03-17,84180.0,85280.0,1100.0,98.71013133208255
2023-03-24,84230.0,85354.0,1124.0,98.68313142910701
2023-03-31,84372.0,85503.0,1131.0,98.67723939510894
2023-04-07,84404.0,85527.5,1123.5,98.68638741925112
2023-04-14,84436.0,85552.0,1116.0,98.69553020385263
2023-04-21,84539.0,85615.0,1076.0,98.74321088594289
2023-04-28,84658.0,85855.0,1197.0,98.60578883000407
2023-05-05,84772.0,85992.0,1220.0,98.58126337333705
2023-05-12,84940.0,86124.0,1184.0,98.62523802888857
2023-05-19,85193.0,86150.0,957.0,98.88914683691236
2023-05-26,85415.0,86201.0,786.0,99.08817763134998
2023-06-02,85407.0,86306.0,899.0,98.9583574722499
2023-06-09,85246.0,86392.0,1146.0,98.6734882859524
2023-06-16,85420.0,86644.0,1224.0,98.58732283828078
2023-06-23,85572.0,86709.0,1137.0,98.68871743417638
2023-06-30,85851.0,86859.0,1008.0,98.83949849756502
2023-07-07,86035.0,86989.0,954.0,98.90330961385922
2023-07-14,86344.0,87097.0,753.0,99.13544668587896
2023-07-21,86498.0,87408.0,910.0,98.95890536335347
2023-07-28,86602.0,87573.0,971.0,98.8912107613077
2023-08-04,86763.0,87710.0,947.0,98.92030555238856
2023-08-11,86790.0,87734.0,944.0,98.924020334192
2023-08-18,87012.0,87812.0,800.0,99.08896278412973
2023-08-25,87063.0,87891.0,828.0,99.05792401952418
2023-09-01,87124.0,88020.0,896.0,98.98204953419678
2023-09-08,87128.0,88115.0,987.0,98.87987289337798
2023-09-15,87423.0,88222.0,799.0,99.09433021241867
2023-09-22,87685.0,88314.0,629.0,99.28776864370315
2023-09-29,87793.0,88561.0,768.0,99.13280112013189
2023-10-06,88016.0,88667.0,651.0,99.26579223386378
2023-10-13,88225.0,88782.0,557.0,99.37262057624294
2023-10-20,88126.0,88890.0,764.0,99.1405107436157
2023-10-27,87801.0,88945.0,1144.0,98.71381190623418
2023-11-03,87764.0,88970.0,1206.0,98.64448690569856
2023-11-10,87704.0,88943.0,1239.0,98.6069730051831
2023-11-17,87744.0,88894.0,1150.0,98.70632438634779
2023-11-24,87930.0,88924.0,994.0,98.88219153434393
2023-12-01,87891.0,88925.0,1034.0,98.83722237840877
2023-12-08,87864.0,88981.0,1117.0,98.74467582967151
2023-12-15,87560.0,88976.0,1416.0,98.40855961158066
2023-12-22,87175.0,88987.0,1812.0,97.96374751368177
2023-12-29,87216.0,88987.0,1771.0,98.0098216593435
2024-01-05,87448.0,88956.0,1508.0,98.30477989118216
2024-01-12,87549.0,88959.0,1410.0,98.415000168617
2024-01-19,87579.0,89009.0,1430.0,98.39342089002236
2024-01-26,87538.0,89004.0,1466.0,98.35288301649364
2024-02-02,87706.0,89051.0,1345.0,98.48962953812983
2024-02-09,87982.0,89099.0,1117.0,98.74633834274235
2024-02-16,87936.0,89050.0,1114.0,98.74901740595172
2024-02-23,87973.0,89041.0,1068.0,98.80055255444121
2024-03-01,88133.0,89066.0,933.0,98.95246221902859
2024-03-08,88220.0,89059.0,839.0,99.05792789049956
2024-03-15,87827.0,88991.0,1164.0,98.69200256205684
2024-03-22,87699.0,88935.0,1236.0,98.61022094788329
2024-03-29,87312.5,88912.5,1600.0,98.20047799803177
2024-04-05,86926.0,88890.0,1964.0,97.79052761840477
2024-04-12,87099.0,88857.0,1758.0,98.02154022755664
2024-04-19,87247.0,88883.0,1636.0,98.15937805879639
2024-04-26,87481.0,88889.0,1408.0,98.41600197999753
2024-05-03,87505.0,88895.0,1390.0,98.43635750042185
2024-05-10,87691.0,88929.0,1238.0,98.60787819496453
2024-05-17,87915.0,88987.0,1072.0,98.79532965489341
2024-05-24,87089.0,89014.0,1925.0,97.83741883299257
2024-05-31,87177.0,88914.0,1737.0,98.04642688440515
2024-06-07,87284.0,88863.0,1579.0,98.22310748005357
2024-06-14,87347.0,88815.0,1468.0,98.34712604852784
2024-06-21,87395.0,88778.0,1383.0,98.44218162157291
2024-06-28,87360.0,88818.0,1458.0,98.35844085658313
2024-07-05,87453.0,88864.0,1411.0,98.41218041051495
2024-07-12,87505.0,88956.0,1451.0,98.36885651333243
2024-07-19,87343.0,88848.0,1505.0,98.30609580406987
2024-07-26,87479.0,88862.0,1383.0,98.44365420539714
2024-08-02,87362.0,88832.0,1470.0,98.3451909221902
2024-08-09,87496.0,88936.0,1440.0,98.38085814518305
2024-08-16,87893.0,89191.0,1298.0,98.54469621374353
2024-08-23,88234.0,89383.0,1149.0,98.71452065829072
2024-08-30,88350.0,89543.0,1193.0,98.6676792155724
2024-09-06,88521.0,89619.0,1098.0,98.77481337662772
2024-09-13,86333.0,89552.0,3219.0,96.40544041450777
2024-09-20,86406.0,89449.0,3043.0,96.59806146519246
2024-09-27,86526.0,89412.0,2886.0,96.77224533619648
2024-10-04,86618.0,89313.0,2695.0,96.98252214123364
2024-10-11,86803.0,89257.0,2454.0,97.25063580447473
2024-10-18,87028.0,89136.0,2108.0,97.63507449290971
2024-10-21,87465.0,89136.0,1671.0,98.1253365643511
2024-10-28,85867.0,89008.0,3141.0,96.47110372101385
2024-11-04,85794.0,88938.0,3144.0,96.46495311340485
2024-11-11,85826.0,88923.0,3097.0,96.51721152007917
2024-11-18,85933.0,88910.0,2977.0,96.65167022832077
2024-11-25,86038.0,88876.0,2838.0,96.80678698411269
2024-12-02,86059.0,88852.0,2793.0,96.85657047674785
2024-12-09,86089.0,88822.0,2733.0,96.92305960235078
2024-12-16,85960.0,88692.0,2732.0,96.9196770847427
2024-12-23,85877.0,88688.0,2811.0,96.83046184376691
2024-12-30,85618.0,88688.0,3070.0,96.53842684466895
2025-01-06,85689.0,88677.0,2988.0,96.63046787780371
2025-01-13,85853.0,88630.0,2777.0,96.86674940764978
2025-01-20,86068.0,88651.0,2583.0,97.08632728339218
2025-01-27,86463.0,88662.0,2199.0,97.51979427488665
2025-02-03,86802.0,88687.0,1885.0,97.87454756615963
2025-02-10,86941.0,88662.0,1721.0,98.05892039430647
2025-02-17,87094.0,88618.0,1524.0,98.28025908957548
2025-02-24,87199.0,88635.0,1436.0,98.37987251085914
2025-03-03,87316.0,88610.0,1294.0,98.53966820900575
2025-03-10,87416.0,88700.0,1284.0,98.55242390078918
2025-03-17,87556.0,88771.0,1215.0,98.63130977458854
2025-03-24,87684.0,88861.0,1177.0,98.67545942539472
2025-03-31,87919.0,88925.0,1006.0,98.86870958673039
2025-04-07,87938.0,88994.0,1056.0,98.8134031507742
2025-04-14,88081.0,89042.0,961.0,98.92073403562364
2025-04-21,88082.5,89135.0,1052.5,98.81920682111404
2025-04-28,88084.0,89228.0,1144.0,98.7178912449007
2025-05-05,88085.5,89335.0,1249.5,98.60133206470029
2025-05-12,88087.0,89442.0,1355.0,98.48505176538985
2025-05-19,88103.0,89551.0,1448.0,98.38304429877947
2025-05-26,87983.5,89575.0,1591.5,98.22327658386827
2025-06-02,87864.0,89599.0,1735.0,98.0635944597596
2025-06-09,87441.0,89694.0,2253.0,97.48812629607332
2025-06-16,87032.0,89688.0,2656.0,97.03862278119703
2025-06-23,87041.0,89608.0,2567.0,97.13530041960539
2025-06-30,87334.0,89573.0,2239.0,97.50036283254998
2025-07-07,87488.0,89576.0,2088.0,97.66901848709476
2025-07-14,87618.0,89563.0,1945.0,97.82834429396067
2025-07-21,87835.0,89582.0,1747.0,98.04983143935165
2025-07-28,87966.0,89373.0,1407.0,98.4256990366218
2025-08-04,88007.0,89452.0,1445.0,98.38460850512007
2025-08-11,88238.0,89529.0,1291.0,98.55800913670431
2025-08-18,88273.0,89627.0,1354.0,98.48929452062437
2025-08-25,88348.5,89687.0,1338.5,98.50758749874564
2025-09-01,88424.0,89747.0,1323.0,98.52585601747134
2025-09-08,88045.0,89720.0,1675.0,98.1330806954971
2025-09-15,87578.0,89664.0,2086.0,97.67353675945753
2025-09-22,87459.0,89688.0,2229.0,97.51471768798501
2025-09-29,87336.0,89437.0,2101.0,97.65086038216846
2025-10-06,87294.0,89380.0,2086.0,97.66614455135377
2025-10-13,87432.0,89256.0,1824.0,97.95643990319978
2025-10-20,87427.0,89286.0,1859.0,97.91792666263468
2025-10-27,87413.0,89311.0,1898.0,97.87484184478956
2025-11-03,86888.0,89291.0,2403.0,97.30879931908031
2025-11-10,86958.0,89288.0,2330.0,97.39046680404982
2025-11-17,87179.0,89309.0,2130.0,97.61502200226181
2025-11-24,87332.0,89334.0,2002.0,97.75897194797054
2025-12-01,87063.0,89350.0,2287.0,97.44040290990486
2025-12-08,87056.0,89388.0,2332.0,97.39114870004923
2025-12-15,86962.0,89454.0,2492.0,97.21421065575603
2025-12-22,86838.0,89464.0,2626.0,97.06474112492175
2025-12-29,86596.0,89464.0,2868.0,96.79424125905392
2026-01-05,86568.0,89464.0,2896.0,96.76294375391218
2026-01-12,86692.0,89562.0,2870.0,96.79551595542752
2026-01-19,86936.0,89617.0,2681.0,97.00838010645302
2026-01-26,87212.0,89671.0,2459.0,97.25775334277526
2026-02-02,87249.0,89703.0,2454.0,97.26430554162069
2026-02-09,87312.0,89762.0,2450.0,97.27055992513536
2026-02-16,87433.0,89781.0,2348.0,97.38474732961318
2026-02-23,87367.0,89792.0,2425.0,97.29931397006415
2026-03-02,87352.0,89809.0,2457.0,97.26419401173602
2026-03-09,87616.0,89884.0,2268.0,97.47674780828623
2026-03-16,87751.0,89922.0,2171.0,97.58568537176664
2026-03-23,87710.0,89825.0,2115.0,97.64542165321458
2026-03-30,87292.0,89795.0,2503.0,97.21253967370122
2026-04-06,86741.5,89779.0,3037.5,96.61669209948874
2026-04-13,86191.0,89763.0,3572.0,96.02063210899814
2026-04-20,86073.0,89794.0,3721.0,95.85607056150745
2026-04-27,85704.0,89765.0,4061.0,95.47596501977385
2026-05-04,85807.5,89709.5,3902.0,95.65040491809674
2026-05-11,85911.0,89654.0,3743.0,95.82506078925647
2026-05-18,85992.0,89662.0,3670.0,95.90685017064085
2026-05-25,85956.0,89561.0,3605.0,95.97481046437623
2026-06-01,85920.0,89460.0,3540.0,96.0429242119383
2026-06-08,85936.0,89369.0,3433.0,96.15862323624523
2026-06-15,85848.0,89340.0,3492.0,96.09133646742781
2026-06-22,85808.0,89230.0,3422.0,96.16496693937016
2026-06-29,85761.0,89120.0,3359.0,96.23092459605027
2026-07-06,85840.0,89090.0,3250.0,96.35200359187338
2026-07-13,86037.0,89074.0,3037.0,96.59047533511462
2026-07-20,86098.0,89036.0,2938.0,96.70021115054584
2026-07-27,86267.0,88895.0,2628.0,97.04370324540187
2026-08-03,86495.0,88890.0,2395.0,97.30565867926651
2026-08-10,86536.0,88862.0,2326.0,97.38245819360357
2026-08-17,86722.0,88921.0,2199.0,97.52701836461578
2026-08-24,86843.0,88937.0,2094.0,97.64552435994018
