edition,horizon_years,ref_date,total,actual,error,pct_error,naive,naive_error
2008-2015,3,2011-06-30,87900.0,85360.3,2539.7,3.0,,
2008-2015,4,2012-06-30,88700.0,86366.3,2333.7,2.7,,
2008-2015,5,2013-06-30,88600.0,83826.3,4773.7,5.7,,
2008-2015,6,2014-06-30,89000.0,85516.0,3484.0,4.1,,
2008-2015,7,2015-06-30,89700.0,86105.7,3594.3,4.2,,
2009-2015,2,2011-06-30,86900.0,85360.3,1539.7,1.8,,
2009-2015,3,2012-06-30,87700.0,86366.3,1333.7,1.5,,
2009-2015,4,2013-06-30,87600.0,83826.3,3773.7,4.5,,
2009-2015,5,2014-06-30,88000.0,85516.0,2484.0,2.9,,
2009-2015,6,2015-06-30,88700.0,86105.7,2594.3,3.0,,
2010-2016,1,2011-06-30,87100.0,85360.3,1739.7,2.0,,
2010-2016,2,2012-06-30,87700.0,86366.3,1333.7,1.5,,
2010-2016,3,2013-06-30,88400.0,83826.3,4573.7,5.5,,
2010-2016,4,2014-06-30,88700.0,85516.0,3184.0,3.7,,
2010-2016,5,2015-06-30,88600.0,86105.7,2494.3,2.9,,
2010-2016,6,2016-06-30,88500.0,85128.3,3371.7,4.0,,
2011-2017,1,2012-06-30,86900.0,86366.3,533.7,0.6,85360.3,-1006.0
2011-2017,2,2013-06-30,86900.0,83826.3,3073.7,3.7,85360.3,1534.0
2011-2017,3,2014-06-30,87500.0,85516.0,1984.0,2.3,85360.3,-155.7
2011-2017,4,2015-06-30,88000.0,86105.7,1894.3,2.2,85360.3,-745.4
2011-2017,5,2016-06-30,88500.0,85128.3,3371.7,4.0,85360.3,232.0
2011-2017,6,2017-06-30,88900.0,85863.0,3037.0,3.5,85360.3,-502.7
2012-2018,1,2013-06-30,84600.0,83826.3,773.7,0.9,86366.3,2540.0
2012-2018,2,2014-06-30,84300.0,85516.0,-1216.0,-1.4,86366.3,850.3
2012-2018,3,2015-06-30,84400.0,86105.7,-1705.7,-2.0,86366.3,260.6
2012-2018,4,2016-06-30,84700.0,85128.3,-428.3,-0.5,86366.3,1238.0
2012-2018,5,2017-06-30,85300.0,85863.0,-563.0,-0.7,86366.3,503.3
2012-2018,6,2018-06-01,85600.0,83254.0,2346.0,2.8,86366.3,3112.3
2013-2019,1,2014-06-30,83400.0,85516.0,-2116.0,-2.5,83826.3,-1689.7
2013-2019,2,2015-06-30,82100.0,86105.7,-4005.7,-4.7,83826.3,-2279.4
2013-2019,3,2016-06-30,82000.0,85128.3,-3128.3,-3.7,83826.3,-1302.0
2013-2019,4,2017-06-30,81600.0,85863.0,-4263.0,-5.0,83826.3,-2036.7
2013-2019,5,2018-06-30,81500.0,82952.4,-1452.4,-1.8,83826.3,873.9
2013-2019,6,2019-06-30,81800.0,82716.9,-916.9,-1.1,83826.3,1109.4
2014-2020,1,2015-06-30,87700.0,86105.7,1594.3,1.9,85516.0,-589.7
2014-2020,2,2016-06-30,89100.0,85128.3,3971.7,4.7,85516.0,387.7
2014-2020,3,2017-06-30,89300.0,85863.0,3437.0,4.0,85516.0,-347.0
2014-2020,4,2018-06-30,89700.0,82952.4,6747.6,8.1,85516.0,2563.6
2014-2020,5,2019-06-30,90100.0,82716.9,7383.1,8.9,85516.0,2799.1
2014-2020,6,2020-06-30,90200.0,79492.4,10707.6,13.5,85516.0,6023.6
2015-2021,1,2016-06-30,86700.0,85128.3,1571.7,1.8,86105.7,977.4
2015-2021,2,2017-06-30,87400.0,85863.0,1537.0,1.8,86105.7,242.7
2015-2021,3,2018-06-30,88200.0,82952.4,5247.6,6.3,86105.7,3153.3
2015-2021,4,2019-06-30,89000.0,82716.9,6283.1,7.6,86105.7,3388.9
2015-2021,5,2020-06-30,89600.0,79492.4,10107.6,12.7,86105.7,6613.3
2016-2021,1,2017-06-30,84600.0,85863.0,-1263.0,-1.5,85128.3,-734.7
2016-2021,2,2018-06-30,83700.0,82952.4,747.6,0.9,85128.3,2175.9
2016-2021,3,2019-06-30,83800.0,82716.9,1083.1,1.3,85128.3,2411.4
2016-2021,4,2020-06-30,84000.0,79492.4,4507.6,5.7,85128.3,5635.9
2017-2022,1,2018-06-01,86400.0,83254.0,3146.0,3.8,85302.0,2048.0
2017-2022,2,2019-06-01,86500.0,82615.7,3884.3,4.7,85302.0,2686.3
2017-2022,3,2020-06-01,86800.0,79966.0,6834.0,8.5,85302.0,5336.0
2017-2022,4,2021-06-01,87400.0,78048.0,9352.0,12.0,85302.0,7254.0
2018-2023,1,2019-06-30,83700.0,82716.9,983.1,1.2,82952.4,235.6
2018-2023,2,2020-06-30,84200.0,79492.4,4707.6,5.9,82952.4,3460.0
2018-2023,3,2021-06-30,85100.0,78330.0,6770.0,8.6,82952.4,4622.4
2018-2023,4,2022-06-30,85800.0,80690.3,5109.7,6.3,82952.4,2262.1
2019-2024,1,2020-06-30,82300.0,79492.4,2807.6,3.5,82716.9,3224.4
2019-2024,2,2021-06-30,81200.0,78330.0,2870.0,3.7,82716.9,4386.9
2019-2024,3,2022-06-30,81400.0,80690.3,709.7,0.9,82716.9,2026.6
2019-2024,4,2023-06-30,81700.0,85851.0,-4151.0,-4.8,82716.9,-3134.1
2020-2026,1,2021-09-30,83200.0,78794.9,4405.1,5.6,79250.1,455.3
2020-2026,2,2022-09-30,88100.0,81309.0,6791.0,8.4,79250.1,-2058.9
2020-2026,3,2023-09-30,93000.0,87824.9,5175.1,5.9,79250.1,-8574.7
2020-2026,4,2024-09-30,96000.0,86565.4,9434.6,10.9,79250.1,-7315.3
2020-2026,5,2025-09-30,97700.0,87330.0,10370.0,11.9,79250.1,-8079.9
2021-2026,1,2022-07-01,84800.0,80726.0,4074.0,5.0,78346.0,-2380.0
2021-2026,2,2023-07-01,89500.0,85877.3,3622.7,4.2,78346.0,-7531.3
2021-2026,3,2024-07-01,93500.0,87399.9,6100.1,7.0,78346.0,-9053.9
2021-2026,4,2025-07-01,97500.0,87356.0,10144.0,11.6,78346.0,-9010.0
2022-2027,1,2023-11-30,89100.0,87896.6,1203.4,1.4,82879.7,-5016.9
2022-2027,2,2024-11-30,93200.0,86053.0,7147.0,8.3,82879.7,-3173.3
2023-2028,1,2024-11-30,94500.0,86053.0,8447.0,9.8,87896.6,1843.6
2023-2028,2,2025-11-30,99500.0,87101.4,12398.6,14.2,87896.6,795.1
2024-2029,1,2025-09-30,89100.0,87330.0,1770.0,2.0,86565.4,-764.6
