edition,scenario,ref_date,total,determinate,indeterminate,remand,recall,non-criminal,fine,fine_defaulters,base_date,edition_year,horizon_years,actual,base,err,pct,proj_dir,act_dir,dir_right,naive_err,naive_wins,high,low,in_range,below_low,era
2008-2015,central,2011-06-30,87900.0,,,,,,,,2009-06-30,2008,3,85360.28571428571,83194.0,2539.71428571429,2.975287939188855,1.0,1.0,True,-2166.28571428571,True,90500.0,85100.0,True,False,2008 to 2014
2008-2015,central,2012-06-30,88700.0,,,,,,,,2009-06-30,2008,4,86366.28571428571,83194.0,2333.71428571429,2.702112596846658,1.0,1.0,True,-3172.28571428571,False,92100.0,85000.0,True,False,2008 to 2014
2008-2015,central,2013-06-30,88600.0,,,,,,,,2009-06-30,2008,5,83826.28571428571,83194.0,4773.71428571429,5.694770136881719,1.0,1.0,True,-632.2857142857101,True,93000.0,84100.0,False,True,2008 to 2014
2008-2015,central,2014-06-30,89000.0,,,,,,,,2009-06-30,2008,6,85516.0,83194.0,3484.0,4.07409139810094,1.0,1.0,True,-2322.0,True,94200.0,83600.0,True,False,2008 to 2014
2008-2015,central,2015-06-30,89700.0,,,,,,,,2009-06-30,2008,7,86105.71428571429,83194.0,3594.28571428571,4.174270829876891,1.0,1.0,True,-2911.71428571429,True,95800.0,83400.0,True,False,2008 to 2014
2009-2015,central,2011-06-30,86900.0,,,,,,,,2010-06-30,2009,2,85360.28571428571,83391.0,1539.71428571429,1.8037829569455237,1.0,1.0,True,-1969.2857142857101,False,88600.0,84900.0,True,False,2008 to 2014
2009-2015,central,2012-06-30,87700.0,,,,,,,,2010-06-30,2009,3,86366.28571428571,83391.0,1333.71428571429,1.5442533792948356,1.0,1.0,True,-2975.28571428571,False,90200.0,84900.0,True,False,2008 to 2014
2009-2015,central,2013-06-30,87600.0,,,,,,,,2010-06-30,2009,4,83826.28571428571,83391.0,3773.71428571429,4.501826907345809,1.0,1.0,True,-435.2857142857101,True,91100.0,84000.0,False,True,2008 to 2014
2009-2015,central,2014-06-30,88000.0,,,,,,,,2010-06-30,2009,5,85516.0,83391.0,2484.0,2.904719584639132,1.0,1.0,True,-2125.0,True,92400.0,83500.0,True,False,2008 to 2014
2009-2015,central,2015-06-30,88700.0,,,,,,,,2010-06-30,2009,6,86105.71428571429,83391.0,2594.28571428571,3.0129077214055764,1.0,1.0,True,-2714.71428571429,False,93900.0,83300.0,True,False,2008 to 2014
2010-2016,central,2011-06-30,87100.0,,,,,,,,2011-06-30,2010,1,85360.28571428571,85002.0,1739.71428571429,2.0380839533941897,1.0,1.0,True,-358.2857142857101,True,88000.0,86100.0,False,True,2008 to 2014
2010-2016,central,2012-06-30,87700.0,,,,,,,,2011-06-30,2010,2,86366.28571428571,85002.0,1333.71428571429,1.5442533792948356,1.0,1.0,True,-1364.2857142857101,False,89300.0,85900.0,True,False,2008 to 2014
2010-2016,central,2013-06-30,88400.0,,,,,,,,2011-06-30,2010,3,83826.28571428571,85002.0,4573.71428571429,5.456181490974537,1.0,-1.0,False,1175.7142857142899,True,90800.0,85700.0,False,True,2008 to 2014
2010-2016,central,2014-06-30,88700.0,,,,,,,,2011-06-30,2010,4,85516.0,85002.0,3184.0,3.7232798540623975,1.0,1.0,True,-514.0,True,92000.0,85200.0,True,False,2008 to 2014
2010-2016,central,2015-06-30,88600.0,,,,,,,,2011-06-30,2010,5,86105.71428571429,85002.0,2494.28571428571,2.896771410558445,1.0,1.0,True,-1103.7142857142899,True,92800.0,84200.0,True,False,2008 to 2014
2010-2016,central,2016-06-30,88500.0,,,,,,,,2011-06-30,2010,6,85128.28571428571,85002.0,3371.71428571429,3.9607449597078745,1.0,1.0,True,-126.28571428571013,True,93600.0,83100.0,True,False,2008 to 2014
2011-2017,central,2012-06-30,86900.0,,,,,,,,2011-06-30,2011,1,86366.28571428571,84200.0,533.7142857142899,0.6179660052533775,1.0,1.0,True,-2166.28571428571,False,89300.0,84600.0,True,False,2008 to 2014
2011-2017,central,2013-06-30,86900.0,,,,,,,,2011-06-30,2011,2,83826.28571428571,84200.0,3073.71428571429,3.666766646670671,1.0,-1.0,False,373.7142857142899,True,90500.0,83300.0,True,False,2008 to 2014
2011-2017,central,2014-06-30,87500.0,,,,,,,,2011-06-30,2011,3,85516.0,84200.0,1984.0,2.320033677908228,1.0,1.0,True,-1316.0,True,92200.0,82800.0,True,False,2008 to 2014
2011-2017,central,2015-06-30,88000.0,,,,,,,,2011-06-30,2011,4,86105.71428571429,84200.0,1894.28571428571,2.199953545475656,1.0,1.0,True,-1905.7142857142899,False,93400.0,82600.0,True,False,2008 to 2014
2011-2017,central,2016-06-30,88500.0,,,,,,,,2011-06-30,2011,5,85128.28571428571,84200.0,3371.71428571429,3.9607449597078745,1.0,1.0,True,-928.2857142857101,True,94100.0,82800.0,True,False,2008 to 2014
2011-2017,central,2017-06-30,88900.0,,,,,,,,2011-06-30,2011,6,85863.0,84200.0,3037.0,3.53702991975589,1.0,1.0,True,-1663.0,True,94800.0,83100.0,True,False,2008 to 2014
2012-2018,central,2013-06-30,84600.0,,,,,,,,2013-06-30,2012,1,83826.28571428571,86366.28571428571,773.7142857142899,0.9229972187380756,-1.0,-1.0,True,2540.0,False,86500.0,83000.0,True,False,2008 to 2014
2012-2018,central,2014-06-30,84300.0,,,,,,,,2013-06-30,2012,2,85516.0,86366.28571428571,-1216.0,-1.421956125169559,-1.0,-1.0,True,850.2857142857101,True,86900.0,81900.0,True,False,2008 to 2014
2012-2018,central,2015-06-30,84400.0,,,,,,,,2013-06-30,2012,3,86105.71428571429,86366.28571428571,-1705.71428571429,-1.9809536450210752,-1.0,-1.0,True,260.57142857142026,True,88100.0,80900.0,True,False,2008 to 2014
2012-2018,central,2016-06-30,84700.0,,,,,,,,2013-06-30,2012,4,85128.28571428571,86366.28571428571,-428.2857142857101,-0.5031062363021811,-1.0,-1.0,True,1238.0,False,89200.0,80300.0,True,False,2008 to 2014
2012-2018,central,2017-06-30,85300.0,,,,,,,,2013-06-30,2012,5,85863.0,86366.28571428571,-563.0,-0.6556957012915924,-1.0,-1.0,True,503.2857142857101,True,90300.0,80400.0,True,False,2008 to 2014
2012-2018,central,2018-06-01,85600.0,,,,,,,,2013-06-30,2012,6,83254.0,86366.28571428571,2346.0,2.817882624258294,-1.0,-1.0,True,3112.28571428571,False,90900.0,80300.0,True,False,2008 to 2014
2013-2019,central,2014-06-30,83400.0,,,,,,,,2014-06-30,2013,1,85516.0,83826.28571428571,-2116.0,-2.474390757285186,-1.0,1.0,False,-1689.7142857142899,True,84300.0,82600.0,False,False,2008 to 2014
2013-2019,central,2015-06-30,82100.0,,,,,,,,2014-06-30,2013,2,86105.71428571429,83826.28571428571,-4005.71428571429,-4.652088794505098,-1.0,1.0,False,-2279.4285714285797,True,84300.0,80100.0,False,False,2008 to 2014
2013-2019,central,2016-06-30,82000.0,,,,,,,,2014-06-30,2013,3,85128.28571428571,83826.28571428571,-3128.28571428571,-3.6747899808356417,-1.0,1.0,False,-1302.0,True,85000.0,79000.0,False,False,2008 to 2014
2013-2019,central,2017-06-30,81600.0,,,,,,,,2014-06-30,2013,4,85863.0,83826.28571428571,-4263.0,-4.964885922923727,-1.0,1.0,False,-2036.7142857142899,True,85400.0,78000.0,False,False,2008 to 2014
2013-2019,central,2018-06-30,81500.0,,,,,,,,2014-06-30,2013,5,82952.42857142857,83826.28571428571,-1452.4285714285652,-1.7509174793814626,-1.0,-1.0,True,873.8571428571449,True,85800.0,77300.0,True,False,2008 to 2014
2013-2019,central,2019-06-30,81800.0,,,,,,,,2014-06-30,2013,6,82716.85714285714,83826.28571428571,-916.8571428571448,-1.1084284080978508,-1.0,-1.0,True,1109.4285714285652,False,86600.0,77300.0,True,False,2008 to 2014
2014-2020,central,2015-06-30,87700.0,,,,,,,,2015-06-30,2014,1,86105.71428571429,85516.0,1594.28571428571,1.8515446129342616,1.0,1.0,True,-589.7142857142899,True,88900.0,87100.0,False,True,2008 to 2014
2014-2020,central,2016-06-30,89100.0,,,,,,,,2015-06-30,2014,2,85128.28571428571,85516.0,3971.71428571429,4.665563569604199,1.0,-1.0,False,387.7142857142899,True,92000.0,86800.0,False,True,2008 to 2014
2014-2020,central,2017-06-30,89300.0,,,,,,,,2015-06-30,2014,3,85863.0,85516.0,3437.0,4.002888322094499,1.0,1.0,True,-347.0,True,93600.0,85200.0,True,False,2008 to 2014
2014-2020,central,2018-06-30,89700.0,,,,,,,,2015-06-30,2014,4,82952.42857142857,85516.0,6747.571428571435,8.134266283429236,1.0,-1.0,False,2563.571428571435,True,95800.0,83900.0,False,True,2008 to 2014
2014-2020,central,2019-06-30,90100.0,,,,,,,,2015-06-30,2014,5,82716.85714285714,85516.0,7383.142857142855,8.925801961251633,1.0,-1.0,False,2799.142857142855,True,97600.0,82600.0,True,False,2008 to 2014
2014-2020,central,2020-06-30,90200.0,,,,,,,,2015-06-30,2014,6,79492.42857142857,85516.0,10707.571428571437,13.469926156489306,1.0,-1.0,False,6023.571428571435,True,98900.0,81400.0,False,True,2008 to 2014
2015-2021,central,2016-06-30,86700.0,55400.0,11500.0,11500.0,6700.0,1500.0,100.0,,2016-06-30,2015,1,85128.28571428571,86105.71428571429,1571.71428571429,1.8462891300189008,1.0,-1.0,False,977.4285714285797,True,,,False,False,2015 to 2019
2015-2021,central,2017-06-30,87400.0,56300.0,11000.0,11600.0,6800.0,1500.0,100.0,,2016-06-30,2015,2,85863.0,86105.71428571429,1537.0,1.790060910986106,1.0,-1.0,False,242.71428571428987,True,,,False,False,2015 to 2019
2015-2021,central,2018-06-30,88200.0,57400.0,10600.0,11700.0,6900.0,1500.0,100.0,,2016-06-30,2015,3,82952.42857142857,86105.71428571429,5247.571428571435,6.3260009609638646,1.0,-1.0,False,3153.2857142857247,True,,,False,False,2015 to 2019
2015-2021,central,2019-06-30,89000.0,58600.0,10200.0,11700.0,7000.0,1500.0,100.0,,2016-06-30,2015,4,82716.85714285714,86105.71428571429,6283.142857142855,7.595964201458328,1.0,-1.0,False,3388.857142857145,True,,,False,False,2015 to 2019
2015-2021,central,2020-06-30,89600.0,59400.0,9800.0,11700.0,7100.0,1500.0,100.0,,2016-06-30,2015,5,79492.42857142857,86105.71428571429,10107.571428571437,12.715137290703346,1.0,-1.0,False,6613.285714285725,True,,,False,False,2015 to 2019
2016-2021,central,2017-06-30,84600.0,56400.0,10800.0,9000.0,6700.0,1500.0,100.0,,2017-06-30,2016,1,85863.0,85128.28571428571,-1263.0,-1.4709479053841583,-1.0,1.0,False,-734.7142857142899,True,,,False,False,2015 to 2019
2016-2021,central,2018-06-30,83700.0,56100.0,10300.0,8900.0,6800.0,1500.0,100.0,,2017-06-30,2016,2,82952.42857142857,85128.28571428571,747.5714285714348,0.9012049935677496,-1.0,-1.0,True,2175.857142857145,False,,,False,False,2015 to 2019
2016-2021,central,2019-06-30,83800.0,56500.0,9900.0,8900.0,7000.0,1500.0,100.0,,2017-06-30,2016,3,82716.85714285714,85128.28571428571,1083.142857142855,1.3094584278899768,-1.0,-1.0,True,2411.428571428565,False,,,False,False,2015 to 2019
2016-2021,central,2020-06-30,84000.0,56900.0,9500.0,8900.0,7100.0,1500.0,100.0,,2017-06-30,2016,4,79492.42857142857,85128.28571428571,4507.571428571435,5.670441210034388,-1.0,-1.0,True,5635.857142857145,False,,,False,False,2015 to 2019
2017-2022,central,2018-06-01,86400.0,58800.0,9700.0,9900.0,6500.0,1400.0,100.0,,2017-06-01,2017,1,83254.0,85863.0,3146.0,3.7787974151392127,1.0,-1.0,False,2609.0,True,,,False,False,2015 to 2019
2017-2022,central,2019-06-01,86500.0,59300.0,9100.0,9900.0,6700.0,1400.0,100.0,,2017-06-01,2017,2,82615.71428571429,85863.0,3884.28571428571,4.701630613338861,1.0,-1.0,False,3247.28571428571,True,,,False,False,2015 to 2019
2017-2022,central,2020-06-01,86800.0,59900.0,8700.0,9900.0,6800.0,1400.0,100.0,,2017-06-01,2017,3,79966.0,85863.0,6834.0,8.546132106145112,1.0,-1.0,False,5897.0,True,,,False,False,2015 to 2019
2017-2022,central,2021-06-01,87400.0,60700.0,8300.0,9900.0,7000.0,1400.0,100.0,,2017-06-01,2017,4,78048.0,85863.0,9352.0,11.982369823698235,1.0,-1.0,False,7815.0,True,,,False,False,2015 to 2019
2018-2023,central,2019-06-30,83700.0,57700.0,9300.0,9300.0,6400.0,900.0,100.0,,2018-06-30,2018,1,82716.85714285714,82773.0,983.1428571428552,1.1885640860905853,1.0,-1.0,False,56.142857142855064,True,,,False,False,2015 to 2019
2018-2023,central,2020-06-30,84200.0,58500.0,8900.0,9300.0,6500.0,900.0,100.0,,2018-06-30,2018,2,79492.42857142857,82773.0,4707.571428571435,5.922037498629707,1.0,-1.0,False,3280.571428571435,True,,,False,False,2015 to 2019
2018-2023,central,2021-06-30,85100.0,59800.0,8500.0,9300.0,6600.0,900.0,100.0,,2018-06-30,2018,3,78330.0,82773.0,6770.0,8.642920975360653,1.0,-1.0,False,4443.0,True,,,False,False,2015 to 2019
2018-2023,central,2022-06-30,85800.0,60800.0,8100.0,9300.0,6700.0,900.0,100.0,,2018-06-30,2018,4,80690.28571428571,82773.0,5109.71428571429,6.332502407795598,1.0,-1.0,False,2082.71428571429,True,,,False,False,2015 to 2019
2019-2024,central,2020-06-30,82300.0,55600.0,8900.0,9000.0,7900.0,800.0,100.0,,2019-06-30,2019,1,79492.42857142857,82676.0,2807.571428571435,3.5318727569741672,-1.0,-1.0,True,3183.571428571435,False,,,False,False,2015 to 2019
2019-2024,central,2021-06-30,81200.0,54700.0,8500.0,9000.0,8000.0,800.0,100.0,,2019-06-30,2019,2,78330.0,82676.0,2870.0,3.6639857015192137,-1.0,-1.0,True,4346.0,False,,,False,False,2015 to 2019
2019-2024,central,2022-06-30,81400.0,55100.0,8200.0,9000.0,8200.0,800.0,100.0,,2019-06-30,2019,3,80690.28571428571,82676.0,709.7142857142899,0.8795535663701826,-1.0,-1.0,True,1985.7142857142899,False,,,False,False,2015 to 2019
2019-2024,central,2023-06-30,81700.0,55400.0,8000.0,9000.0,8300.0,800.0,100.0,,2019-06-30,2019,4,85851.0,82676.0,-4151.0,-4.83512131483617,-1.0,1.0,False,-3175.0,True,,,False,False,2015 to 2019
2020-2026,central,2021-09-30,83200.0,52300.0,8800.0,11400.0,10000.0,700.0,,50.0,2020-09-30,2020,1,78794.85714285714,79235.0,4405.142857142855,5.590647685490711,1.0,-1.0,False,440.14285714285506,True,,,False,False,2020 to 2025
2020-2026,central,2022-09-30,88100.0,56200.0,8700.0,12000.0,10600.0,700.0,,50.0,2020-09-30,2020,2,81309.0,79235.0,6791.0,8.352088944643274,1.0,1.0,True,-2074.0,True,,,False,False,2020 to 2025
2020-2026,central,2023-09-30,93000.0,60000.0,8600.0,12500.0,11200.0,700.0,,50.0,2020-09-30,2020,3,87824.85714285714,79235.0,5175.142857142855,5.89257190447221,1.0,1.0,True,-8589.857142857145,False,,,False,False,2020 to 2025
2020-2026,central,2024-09-30,96000.0,62400.0,8500.0,12700.0,11800.0,700.0,,50.0,2020-09-30,2020,4,86565.42857142857,79235.0,9434.571428571437,10.898775162635042,1.0,1.0,True,-7330.428571428565,True,,,False,False,2020 to 2025
2020-2026,central,2025-09-30,97700.0,63600.0,8400.0,12700.0,12200.0,700.0,,50.0,2020-09-30,2020,5,87330.0,79235.0,10370.0,11.874499026680407,1.0,1.0,True,-8095.0,True,,,False,False,2020 to 2025
2021-2026,central,2022-07-01,84800.0,52400.0,8500.0,13300.0,9800.0,800.0,,0.0,2021-07-01,2021,1,80726.0,78318.0,4074.0,5.046701186730421,1.0,1.0,True,-2408.0,True,,,False,False,2020 to 2025
2021-2026,central,2023-07-01,89500.0,56000.0,8400.0,13800.0,10600.0,800.0,,0.0,2021-07-01,2021,2,85877.28571428571,78318.0,3622.71428571429,4.218477861267162,1.0,1.0,True,-7559.28571428571,False,,,False,False,2020 to 2025
2021-2026,central,2024-07-01,93500.0,59900.0,8300.0,13400.0,11200.0,800.0,,0.0,2021-07-01,2021,3,87399.85714285714,78318.0,6100.142857142855,6.979579894703976,1.0,1.0,True,-9081.857142857145,False,,,False,False,2020 to 2025
2021-2026,central,2025-07-01,97500.0,63700.0,8200.0,13000.0,11800.0,800.0,,0.0,2021-07-01,2021,4,87356.0,78318.0,10144.0,11.612253308301662,1.0,1.0,True,-9038.0,True,,,False,False,2020 to 2025
2022-2027,central,2023-11-30,89100.0,55200.0,8300.0,13100.0,11700.0,800.0,,50.0,2022-11-30,2022,1,87896.57142857143,82905.0,1203.4285714285652,1.369141653501836,1.0,1.0,True,-4991.571428571435,False,91700.0,86700.0,True,False,2020 to 2025
2022-2027,central,2024-11-30,93200.0,59200.0,8200.0,12500.0,12500.0,800.0,,50.0,2022-11-30,2022,2,86053.0,82905.0,7147.0,8.305346704937655,1.0,1.0,True,-3148.0,True,97400.0,88500.0,False,True,2020 to 2025
2023-2028,central,2024-11-30,94500.0,56500.0,8300.0,15800.0,13300.0,500.0,,0.0,2023-11-30,2023,1,86053.0,87935.0,8447.0,9.81604360103657,1.0,-1.0,False,1882.0,True,97000.0,91300.0,False,True,2020 to 2025
2023-2028,central,2025-11-30,99500.0,62100.0,8100.0,14300.0,14500.0,500.0,,0.0,2023-11-30,2023,2,87101.42857142857,87935.0,12398.571428571437,14.234636138492078,1.0,-1.0,False,833.5714285714348,True,104600.0,93800.0,False,True,2020 to 2025
2024-2029,central,2025-09-30,89100.0,48100.0,8300.0,19300.0,12900.0,400.0,,0.0,2024-09-30,2024,1,87330.0,86966.0,1770.0,2.0267949158364824,1.0,1.0,True,-364.0,True,90300.0,87100.0,True,False,2020 to 2025
