,d_officers,d_opcap,d_inuse,window
askham grange,-4.397433076923079,0.0,0.0,"Mar 2025 to Mar 2026 (prior year, placebo)"
aylesbury,-4.361746874566904,-20.0,0.0,"Mar 2025 to Mar 2026 (prior year, placebo)"
bedford,-23.29487179487188,0.0,2.0,"Mar 2025 to Mar 2026 (prior year, placebo)"
belmarsh,19.58976769230776,0.0,-2.0,"Mar 2025 to Mar 2026 (prior year, placebo)"
berwyn,-33.04765148995227,0.0,1.0,"Mar 2025 to Mar 2026 (prior year, placebo)"
birmingham,-23.989925592515874,6.0,0.0,"Mar 2025 to Mar 2026 (prior year, placebo)"
brinsford,-7.653843333333526,0.0,0.0,"Mar 2025 to Mar 2026 (prior year, placebo)"
bristol,10.217945897435811,0.0,3.0,"Mar 2025 to Mar 2026 (prior year, placebo)"
brixton,42.564118974359275,-40.0,0.0,"Mar 2025 to Mar 2026 (prior year, placebo)"
buckley hall,-0.9871738461539223,0.0,0.0,"Mar 2025 to Mar 2026 (prior year, placebo)"
bullingdon,-3.538464102564376,0.0,0.0,"Mar 2025 to Mar 2026 (prior year, placebo)"
bure,-4.433859230769258,0.0,0.0,"Mar 2025 to Mar 2026 (prior year, placebo)"
cardiff,-6.11537948717978,0.0,-29.0,"Mar 2025 to Mar 2026 (prior year, placebo)"
channings wood,-25.568797754677803,30.0,26.0,"Mar 2025 to Mar 2026 (prior year, placebo)"
chelmsford,-5.371793846154219,0.0,0.0,"Mar 2025 to Mar 2026 (prior year, placebo)"
coldingley,-2.897438205128182,0.0,-7.0,"Mar 2025 to Mar 2026 (prior year, placebo)"
cookham wood,-7.6282079487179,55.0,82.0,"Mar 2025 to Mar 2026 (prior year, placebo)"
dartmoor,-13.500022564102562,0.0,0.0,"Mar 2025 to Mar 2026 (prior year, placebo)"
deerbolt,11.88046286902292,16.0,16.0,"Mar 2025 to Mar 2026 (prior year, placebo)"
downview,-19.78204358974361,0.0,0.0,"Mar 2025 to Mar 2026 (prior year, placebo)"
drake hall,-2.7948661538461153,0.0,-1.0,"Mar 2025 to Mar 2026 (prior year, placebo)"
durham,-27.71708810810813,-20.0,0.0,"Mar 2025 to Mar 2026 (prior year, placebo)"
east sutton park,-1.5928628205128206,0.0,0.0,"Mar 2025 to Mar 2026 (prior year, placebo)"
eastwood park,-15.153840769230953,-20.0,-20.0,"Mar 2025 to Mar 2026 (prior year, placebo)"
elmley,-41.75641769230782,-30.0,0.0,"Mar 2025 to Mar 2026 (prior year, placebo)"
erlestoke,-15.50277200277199,0.0,0.0,"Mar 2025 to Mar 2026 (prior year, placebo)"
exeter,-11.333335128205135,0.0,0.0,"Mar 2025 to Mar 2026 (prior year, placebo)"
featherstone,-1.115376153846256,-47.0,-72.0,"Mar 2025 to Mar 2026 (prior year, placebo)"
feltham,-18.294874871795002,-5.0,23.0,"Mar 2025 to Mar 2026 (prior year, placebo)"
ford,-8.410251282051235,0.0,10.0,"Mar 2025 to Mar 2026 (prior year, placebo)"
foston hall,-9.192301538461521,10.0,0.0,"Mar 2025 to Mar 2026 (prior year, placebo)"
frankland,23.512807948718887,0.0,0.0,"Mar 2025 to Mar 2026 (prior year, placebo)"
full sutton,-43.26921846153846,0.0,0.0,"Mar 2025 to Mar 2026 (prior year, placebo)"
garth,-9.282039487179674,-39.0,3.0,"Mar 2025 to Mar 2026 (prior year, placebo)"
gartree,-0.4587656895358805,98.0,76.0,"Mar 2025 to Mar 2026 (prior year, placebo)"
guys marsh,-11.224358974358921,28.0,20.0,"Mar 2025 to Mar 2026 (prior year, placebo)"
hatfield,3.4871761538461357,0.0,0.0,"Mar 2025 to Mar 2026 (prior year, placebo)"
haverigg,2.987171794871756,56.0,60.0,"Mar 2025 to Mar 2026 (prior year, placebo)"
hewell,-21.20788815661831,-20.0,17.0,"Mar 2025 to Mar 2026 (prior year, placebo)"
high down,-14.00000358974387,20.0,-48.0,"Mar 2025 to Mar 2026 (prior year, placebo)"
highpoint,8.265895384615305,-30.0,-6.0,"Mar 2025 to Mar 2026 (prior year, placebo)"
hindley,-7.730760769230898,-18.0,0.0,"Mar 2025 to Mar 2026 (prior year, placebo)"
hollesley bay,-5.987176666666684,0.0,0.0,"Mar 2025 to Mar 2026 (prior year, placebo)"
holme house,11.561333894663903,-9.0,21.0,"Mar 2025 to Mar 2026 (prior year, placebo)"
hull,-5.769236410256497,-8.0,-7.0,"Mar 2025 to Mar 2026 (prior year, placebo)"
humber,0.6611141995841763,0.0,0.0,"Mar 2025 to Mar 2026 (prior year, placebo)"
huntercombe,-1.9587479972280022,0.0,0.0,"Mar 2025 to Mar 2026 (prior year, placebo)"
isis,14.820516923076866,0.0,0.0,"Mar 2025 to Mar 2026 (prior year, placebo)"
isle of wight,-17.19232461538462,0.0,-133.0,"Mar 2025 to Mar 2026 (prior year, placebo)"
kirkham,0.3846046153845748,0.0,-38.0,"Mar 2025 to Mar 2026 (prior year, placebo)"
kirklevington grange,-2.423071282051282,0.0,0.0,"Mar 2025 to Mar 2026 (prior year, placebo)"
lancaster farms,-5.47713379764383,24.0,3.0,"Mar 2025 to Mar 2026 (prior year, placebo)"
leeds,-14.74358974358978,-20.0,0.0,"Mar 2025 to Mar 2026 (prior year, placebo)"
leicester,1.397438717948745,2.0,-1.0,"Mar 2025 to Mar 2026 (prior year, placebo)"
lewes,-12.391028205128407,4.0,-153.0,"Mar 2025 to Mar 2026 (prior year, placebo)"
leyhill,1.8717941025641025,0.0,1.0,"Mar 2025 to Mar 2026 (prior year, placebo)"
lincoln,12.52563743589738,-12.0,-12.0,"Mar 2025 to Mar 2026 (prior year, placebo)"
lindholme,-10.987182307692393,64.0,-112.0,"Mar 2025 to Mar 2026 (prior year, placebo)"
littlehey,-2.4294748717951506,2.0,1.0,"Mar 2025 to Mar 2026 (prior year, placebo)"
liverpool,-5.025632564102864,-10.0,-18.0,"Mar 2025 to Mar 2026 (prior year, placebo)"
long lartin,-31.28205128205127,-76.0,4.0,"Mar 2025 to Mar 2026 (prior year, placebo)"
low newton,-4.205130000000111,0.0,24.0,"Mar 2025 to Mar 2026 (prior year, placebo)"
lowdham grange,40.122562307692135,-82.0,-4.0,"Mar 2025 to Mar 2026 (prior year, placebo)"
maidstone,-10.98717743589745,-60.0,0.0,"Mar 2025 to Mar 2026 (prior year, placebo)"
manchester,-12.20512820512812,-59.0,1.0,"Mar 2025 to Mar 2026 (prior year, placebo)"
moorland,-6.717938717948783,20.0,0.0,"Mar 2025 to Mar 2026 (prior year, placebo)"
morton hall,-4.012813333333327,0.0,0.0,"Mar 2025 to Mar 2026 (prior year, placebo)"
new hall,-10.56409153846161,0.0,0.0,"Mar 2025 to Mar 2026 (prior year, placebo)"
north sea camp,-1.6950740540540536,0.0,0.0,"Mar 2025 to Mar 2026 (prior year, placebo)"
norwich,-7.5512820512823,0.0,-2.0,"Mar 2025 to Mar 2026 (prior year, placebo)"
nottingham,10.256387692307612,10.0,0.0,"Mar 2025 to Mar 2026 (prior year, placebo)"
onley,-1.974367435897534,0.0,0.0,"Mar 2025 to Mar 2026 (prior year, placebo)"
pentonville,-7.275644102564343,0.0,-1.0,"Mar 2025 to Mar 2026 (prior year, placebo)"
portland,-7.630976361746406,-5.0,1.0,"Mar 2025 to Mar 2026 (prior year, placebo)"
preston,-13.076954871794925,0.0,0.0,"Mar 2025 to Mar 2026 (prior year, placebo)"
ranby,-3.566891489951672,-120.0,-82.0,"Mar 2025 to Mar 2026 (prior year, placebo)"
risley,-1.2207235412338093,0.0,1.0,"Mar 2025 to Mar 2026 (prior year, placebo)"
rochester,31.15384384615379,0.0,0.0,"Mar 2025 to Mar 2026 (prior year, placebo)"
send,-18.457891489951365,0.0,0.0,"Mar 2025 to Mar 2026 (prior year, placebo)"
stafford,0.4102697435896516,0.0,0.0,"Mar 2025 to Mar 2026 (prior year, placebo)"
standford hill,-6.400064871794882,0.0,0.0,"Mar 2025 to Mar 2026 (prior year, placebo)"
stocken,-38.14103974358966,0.0,0.0,"Mar 2025 to Mar 2026 (prior year, placebo)"
stoke heath,-5.2948746153848845,-8.0,-18.0,"Mar 2025 to Mar 2026 (prior year, placebo)"
styal,-1.2307684615385028,0.0,0.0,"Mar 2025 to Mar 2026 (prior year, placebo)"
sudbury,-4.3461397435897595,0.0,0.0,"Mar 2025 to Mar 2026 (prior year, placebo)"
swaleside,-57.50000692307742,-87.0,0.0,"Mar 2025 to Mar 2026 (prior year, placebo)"
swansea,2.794873589743503,-13.0,0.0,"Mar 2025 to Mar 2026 (prior year, placebo)"
swinfen hall,-13.910250769230714,0.0,0.0,"Mar 2025 to Mar 2026 (prior year, placebo)"
the mount,-5.544874871794917,50.0,49.0,"Mar 2025 to Mar 2026 (prior year, placebo)"
the verne,-3.44102820512839,40.0,46.0,"Mar 2025 to Mar 2026 (prior year, placebo)"
thorn cross,-5.948726410256384,0.0,0.0,"Mar 2025 to Mar 2026 (prior year, placebo)"
wakefield,-1.7335399514898313,0.0,0.0,"Mar 2025 to Mar 2026 (prior year, placebo)"
wandsworth,29.128210256410114,-12.0,11.0,"Mar 2025 to Mar 2026 (prior year, placebo)"
warren hill,-6.9871805128204585,-17.0,-17.0,"Mar 2025 to Mar 2026 (prior year, placebo)"
wayland,-23.782043589743807,-15.0,-8.0,"Mar 2025 to Mar 2026 (prior year, placebo)"
wealstun,-8.615395897435889,12.0,0.0,"Mar 2025 to Mar 2026 (prior year, placebo)"
werrington,-14.851283076923238,0.0,0.0,"Mar 2025 to Mar 2026 (prior year, placebo)"
wetherby,-25.089760256410273,-74.0,39.0,"Mar 2025 to Mar 2026 (prior year, placebo)"
whatton,-13.091090256410496,-1.0,0.0,"Mar 2025 to Mar 2026 (prior year, placebo)"
whitemoor,-37.64103410256433,0.0,0.0,"Mar 2025 to Mar 2026 (prior year, placebo)"
winchester,-3.358963076923118,-14.0,2.0,"Mar 2025 to Mar 2026 (prior year, placebo)"
woodhill,-18.256410256410675,0.0,240.0,"Mar 2025 to Mar 2026 (prior year, placebo)"
wormwood scrubs,-22.999133749133932,-4.0,-68.0,"Mar 2025 to Mar 2026 (prior year, placebo)"
wymott,14.923066153846094,-42.0,111.0,"Mar 2025 to Mar 2026 (prior year, placebo)"
